filename,authors,journal,doi,database,region,spatialScale,latitude,longitude,numStations,period,dataResolution,recordLength,dataSource,erosivityIndex,methodology,methodCategory,validationMethod,erosivityTrend,percentChange,absoluteChange,trendSignificance,trendDriver,scenario,projectionHorizon,projectedChange245,projectedChange585,gcmModel,cmipGeneration,baselinePeriod,downscalingMethod,uncertaintySource,uncertaintyType,uncertaintyMagnitude,biasCorrection,dataScarcityLevel,satelliteUsed,keyFinding,section,policyLink,qualityScore,readTier,_model_used,_key_used,pub_year,trend_clean,method_clean,resolution_clean,macro_region,scarcity_clean,satellite_clean,significance_clean,quality_num,lat,lon,section_clean,proj_high_emission,proj_medium_emission,proj_year_horizon,proj_baseline,proj_gcm,proj_scenario,proj_confidence,proj_where_found
1-s2.0-S0022169417301439-main.pdf,Panagos et al.2017,Journal of Hydrology,10.1016/j.jhydrol.2017.03.006,Scopus,Europe,Continental,48.8567,2.2943,,2010-2050,Monthly,40,"REDES, WorldClim",R-factor,Gaussian Process Regression with climate change scenarios,Statistical,,Increasing,+18%,,,Climate change,RCP4.5,2050,,,,,2010,,Climatic models,GCM spread,,,,No-ground only,The mean rainfall erosivity for the European Union and Switzerland is projected to be 857 MJ mm ha-1 h-1 yr-1 till 2050,Sec4:Modelling,,4.0,Tier1-Full,llama-3.3-70b-versatile,Key1,2017.0,Increasing,Statistical,Monthly,Europe,,Ground Only,,4.0,48.8567,2.2943,Sec4: Modelling,,18%,2050,2010,HadGEM2,RCP 4.5,HIGH,Abstract
1-s2.0-S0022169422004267-main.pdf,Wang et al.2022,Journal of Hydrology,10.1016/j.jhydrol.2022.127851,Scopus,Yellow River basin,National,35.4577,103.8462,98,1971-2020,Hourly,50,Hourly precipitation data,EI30,Hourly precipitation data from 98 stations were analyzed to detect changes in characteristics on rainfall and rainfall erosivity.,Statistical,,Increasing,+5.46%,,p < 0.05,Climate change,,,,,,,1981-2010,,,,,,Low,,"Rainfall erosivity in the Yellow River basin increased significantly over the past 50 years, with rates of 5.46% and 6.86% decade-1.",Sec3:Observed,,4.0,Tier1-Full,llama-3.3-70b-versatile,Key2,2022.0,Increasing,Statistical,Hourly,China,Low,,Significant (p<0.05),4.0,35.4577,103.8462,Sec3: Observed Trends,,,,,,,,
1-s2.0-S0022169422004401-main.pdf,Panagos et al.2022,Journal of Hydrology,10.1016/j.jhydrol.2022.127865,Scopus,Global,Global,,,,"2041-2060, 2061-2080",Annual,,GCMs,Other,A Gaussian Process Regression (GPR) approach relating rainfall depth to rainfall erosivity through a series of (bio)climatic covariates.,Statistical,,Increasing,+26.2 to +34.3%,,,Climate change,"RCP2.6, RCP4.5, RCP8.5","2050, 2070",,,ensemble of 19 GCMs,CMIP5,2010,Gaussian Process Regression,,,,,,No-ground only,A potential average increase in global rainfall erosivity between 26.2 and 34.3% for 2050 and 2070.,Sec4:Modelling,"SDG15.3, IPCC AR6, UNCCD",5.0,Tier1-Full,llama-3.3-70b-versatile,Key3,2022.0,Increasing,Statistical,Annual,Global,,Ground Only,,5.0,,,Sec4: Modelling,+28.9% (2050); +34.3% (2070),+26.2 to +27.6% (2050); +27 to +30% (2070),"2050, 2070",2010,19 CMIP5 models,"RCP 2.6, 4.5, 8.5",HIGH,Results
1-s2.0-S0048969723060382-main.pdf,Piccarreta et al.2024,Science of the Total Environment,10.1016/j.scitotenv.2023.167411,Scopus,Mediterranean area,Local,40.6397,15.8028,6,2006-2022,Sub-hourly,16,In-situ measurements,EI30,"The study used one-minute rainfall data from 6 stations to compute the maximum 30-min rainfall intensity (I30), total kinetic energy of storm (KE), EI30 and erosivity density values. The underestimation of all the considered parameters were systematically evaluated using data aggregated at 5-, 10-, 15-, 30- and 60-min fixed interval.",Statistical,Comparison with reference data,,-30% to -57%,,,,,,,,,,,,Temporal resolution,Temporal resolution,,No,Low,No-ground only,"The use of coarse temporal resolutions implies larger computational errors, and an accurate estimation of the rainfall erosivity requires the use of rainfall data with a fixed time interval of length lower than 10 min.",Sec3:Observed,,4.0,Tier1-Full,llama-3.3-70b-versatile,Key1,2024.0,,Statistical,Sub-hourly,Europe,Low,Ground Only,,4.0,40.6397,15.8028,Sec3: Observed Trends,,,,,,,,
1-s2.0-S0048969724073315-main.pdf,Adeyeri et al.2024,Science of the Total Environment,10.1016/j.scitotenv.2024.177174,Scopus,West Africa,Regional,10.0,10.0,,1982-2014,Daily,32,BCD climate models,MFI,Using bias-corrected-downscaled climate models and the Modified Fournier Index to calculate rainfall erosivity and project soil erosion.,Statistical,Comparison with reference data,Increasing,+14.84%,,p<0.001,Climate change,SSP3-7.0,Near future,,,BCD climate models,,1981-2010,Bias correction and downscaling,Climate models and downscaling methods,Model structural,,Yes-DBC,Medium,No-ground only,Soil erosion in West Africa is projected to rise by 14.84% in the near future and 18.65% in the far future under the SSP 370 scenario.,Sec3:Observed,SDG15.3,4.0,Tier1-Full,llama-3.3-70b-versatile,Key2,2024.0,Increasing,Statistical,Daily,Africa,Medium,Ground Only,,4.0,10.0,10.0,Sec3: Observed Trends,,,,,,,,
1-s2.0-S0341816215301156-main.pdf,Panagos et al.2015,Catena,10.1016/j.catena.2015.09.015,Scopus,Greece,National,39.0742,21.8243,80,1985-2014,30-minute,30,Precipitation stations,R-factor,Generalised Additive Model (GAM) for spatial interpolation and linear regression functions for predicting monthly R-factor,Statistical,,,73.0,,,,,,,,,,,,,,,,Medium,No-ground only,"High spatial and temporal variability of rainfall erosivity in Greece, with the warm season being 3 times less erosive than the cold one",Sec3:Observed,,4.0,Tier1-Full,llama-3.3-70b-versatile,Key3,2015.0,,Statistical,Sub-hourly,Europe,Medium,Ground Only,,4.0,39.0742,21.8243,Sec3: Observed Trends,,,,,,,,
1-s2.0-S0341816221004628-main.pdf,Montero-Martínez et al.2021,Catena,10.1016/j.catena.2021.105604,WoS,Mexico,National,19.4326,-99.1332,4,2014-2018,Sub-hourly,4,PWS100,Momentum flux,Optical disdrometer data were used to study the features of power and linear relationships between M and rainfall amounts (Acc).,Observation,Comparison of measurements showed that PWS100 usually estimated larger amounts of rainwater (PBIAS from 2 to 25%) with respect to gauges.,,,,,,Historical,,,,,,,,,,,,Low,No-ground only,The results of performance measures showed that all equations predicted Mmm adequately thus suggesting that this erosivity parameter depended on both the amount of precipitation and the altitude (expressed as air density or atmospheric pressure) of the site at which the measurements were performed.,Sec3:Observed,,3.0,Tier3-DataOnly,llama-3.1-8b-instant,Key1,2021.0,,Observational,Sub-hourly,Americas,Low,Ground Only,,3.0,19.4326,-99.1332,Sec3: Observed Trends,,,,,,,,
1-s2.0-S0341816222004726-main.pdf,Wei et al.2022,Catena,10.1016/j.catena.2022.106486,Scopus,"Huaihe River Basin, China",Regional,31.5,114.5,5,1960-2018,Annual,59,"GloREDa,CHIRPS,GPM",RE,"The linear regression, Yue-Pilon method, and the Hurst exponent were used in analyzing the spatio-temporal variation within the HRB.",Statistical,F-test,Increasing,+12.4%,,p < 0.05,AO and NPI,Historical,,,,,,1981-2010,,Model structural,Model structural,,,Low,GPM,The annual average RE will increase within the upper-HRB and lower-HRB and decrease within the middle-HRB and the Yishusi River Watershed in the future.,Sec3:Observed,"SDG15.3,IPCC AR6,UNCCD",4.0,Tier2-Selective,llama-3.1-8b-instant,Key2,2022.0,Increasing,Statistical,Annual,China,Low,GPM,Significant (p<0.05),4.0,31.5,114.5,Sec3: Observed Trends,,,,,,,,
1-s2.0-S0341816222005586-main (1).pdf,Teixeira et al.2022,Catena,10.1016/j.catena.2022.106572,Scopus,Brazil,National,-15.0,-45.0,123,1980-2020,Daily,30,Literature review,EI30,"The EI30 has been the most employed erosivity index in the country, while the use of pluviographic rainfall data and regression equations are the main methods for obtaining erosivity values.",Statistical,,,,,,,Historical,,,,,,1981-2010,,,,,,,,"The advancements over the last decade are characterized by the use of synthetic series of rainfall and remote sensing products to estimate erosivity, as well as the use of machine learning techniques for its interpolation.",Sec1:Introduction,,3.0,Tier2-Selective,llama-3.1-8b-instant,Key3,2022.0,,Statistical,Daily,Americas,,,,3.0,-15.0,-45.0,Sec1: Introduction,,,,,,,,
1-s2.0-S0341816222005835-main.pdf,Delgado et al.2022,Catena,10.1016/j.catena.2022.106597,WoS,Ecuador,National,-0.5,-78.5,100,2001-2020,30-minute,20,"GPM-IMERG, GPCC, ERG-data",EI30,The Revised Universal Soil Loss Equation (RUSLE) was employed to estimate the rainfall erosivity.,Process-based,RIST software,,,,,,Historical,,,,,,1981-2010,,Data scarcity,Data scarcity,,,High,GPM,New models for Ecuador have been established to estimate the R-Factor from annual rainfall.,Sec4:Modelling,,3.0,Tier3-DataOnly,llama-3.1-8b-instant,Key1,2022.0,,Process-Based,Sub-hourly,Americas,High,GPM,,3.0,-0.5,-78.5,Sec4: Modelling,,,,,,,,
1-s2.0-S0341816222007494-main.pdf,Xu et al.2023,Catena,10.1016/j.catena.2022.106763,WoS,Southwest China,Regional,25.0,105.0,1,1901-2020,Monthly,120,CRU_TS 4.05,EI30,Regression analysis and the Mann–Kendall test,Statistical,,Increasing,58.55,,p<0.05,Climate change,Historical,,,,,,1981-2010,,,,,,,,"Future investigations and control of soil erosion in the karst region of SW China under climate change should focus on the critical times when (e.g., January) and areas where (e.g., peak forest-plain rocky desertification control zone) rainfall erosivity changes significantly.",Sec3:Observed,,,Tier1-Full,llama-3.1-8b-instant,Key2,2023.0,Increasing,Statistical,Monthly,China,,,,,25.0,105.0,Sec3: Observed Trends,,,,,,,,
1-s2.0-S0341816223000346-main - Copy.pdf,Padulano et al.2023,Catena,10.1016/j.catena.2023.106943,WoS,Italy,National,42.5,12.5,171,1981-2010,Monthly,30,ERA5-Land,R-factor,"An empirical model is calibrated for Italy to bridge the annual to monthly scale gap by means of 10-year series of monthly rainfall observations at 171 Italian rain gauges, and then applied using the ERA5-Land gridded rainfall dataset to obtain maps of monthly and seasonal rainfall erosivity.",Statistical,Statistical and visual analysis of results,Increasing,+12.4%,,p<0.01,"RCP 2.6, 4.5 and 8.5","RCP 2.6, 4.5 and 8.5",2021-2050 and 2051-2080,,,EURO-CORDEX,CORDEX,1981-2010,CORDEX RCM,Model structural,Model structural,,Yes-QM,Low,ERA5-Land,"Positive percentage anomalies are expected in large portions of the country, especially under RCP 2.6 but with significant increases expected also under RCPs 4.5 and 8.5, especially in autumn and, secondarily, in summer.",Sec4:Modelling,,4.0,Tier2-Selective,llama-3.1-8b-instant,Key3,2023.0,Increasing,Statistical,Monthly,Europe,Low,,Significant (p<0.01),4.0,42.5,12.5,Sec4: Modelling,,,,,,,,
1-s2.0-S0341816223002059-main.pdf,Chen et al.2023,Catena,10.1016/j.catena.2023.107114,WoS,Tibetan Plateau,Regional,28.0,90.0,1711,1979-2018,Daily,40,CMFD,EI30,Empirical models were first established to estimate monthly rainfall erosivity using 1-minute in situ precipitation observations from 1711 meteorological stations on the TP.,Statistical,Independent assessment,Increasing,+,,p<0.01,,Historical,,,,,,1981-2010,,Data scarcity,Data scarcity,,No,High,No-ground only,Annual rainfall erosivity values have exhibited significant increasing trends over the last 40 years.,Sec3:Observed,,3.0,Tier3-DataOnly,llama-3.1-8b-instant,Key1,2023.0,Increasing,Statistical,Daily,China,High,Ground Only,Significant (p<0.01),3.0,28.0,90.0,Sec3: Observed Trends,,,,,,,,
1-s2.0-S1470160X25003814-main.pdf,Xie et al.2025,Ecological Indicators,https://doi.org/10.1016/j.ecolind.2025.113451,Scopus,Southwest China,Regional,28.0,102.0,4,,,,Gauge data,R-factor,"Four methods, namely, inverse distance weighting (IDW), ordinary kriging (OK), global regression kriging (GRK) and geographically weighted regression kriging (GWRK), were selected to conduct a comparative analysis under various scenarios of gauge number and distribution.",Statistical,,,,,p<0.01,,Historical,,,,,,,,,,,,,No-ground only,"This study provides insights into optimizing R-factor mapping under future climate scenarios, enabling precise soil erosion risk assessment and targeted prevention in mountainous regions.",Sec4:Modelling,,,Tier1-Full,llama-3.1-8b-instant,Key2,2025.0,,Statistical,,China,,Ground Only,,,28.0,102.0,Sec4: Modelling,,,,,,,,
1-s2.0-S1470160X25007009-main.pdf,Wang et al.2025,Ecological Indicators,https://doi.org/10.1016/j.ecolind.2025.113770,Scopus,Yangtze River Basin,Regional,29.58,115.02,24,2013-2023,Mixed,10,Landsat,,"This study integrates long-term Landsat satellite imagery with a machine learning model to estimate Secchi disk depth (Zsd), a critical indicator of lake transparency and ecological health.",Remote Sensing,,,,,,,Historical,,,,,,,,,,,,Low,Landsat,This study highlights the importance of systematic monitoring of lake transparency to assess ecosystem health. It demonstrates the potential of integrating remote sensing and machine learning for effective water management and provides a foundation for evaluating the long-term outcomes of ecological restoration policies.,Sec3:Observed,"SDG15.3,IPCC AR6,UNCCD",4.0,Tier1-Full,llama-3.1-8b-instant,Key3,2025.0,,Remote Sensing,Mixed/Event,China,Low,,,4.0,29.58,115.02,Sec3: Observed Trends,,,,,,,,
1-s2.0-S1877042816300210-main - Copy.pdf,Vilayvong et al.2016,Procedia - Social and Behavioral Sciences,10.1016/j.sbspro.2016.04.020,WoS,Global,Global,,,,1980-2020,,,,,"A set of laboratory simulated rainfall experiments was carried out to study soil loss and size characteristics of discharged sediments of a soil under a rainfall intensity of 70 mm/h, controlled initial soil suctions and moistures.",Observation,,,,,,,,,,,,,,,,,,,,,"The proposed set of experiments will be a viable tool for measuring soil loss, sediment runoff, and sediment sizes discharged from a farmland pertaining to properties of rain, soil and flow.",Sec3:Observed,,,,llama-3.1-8b-instant,Key1,2016.0,,Observational,,Global,,,,,,,Sec3: Observed Trends,,,,,,,,
1-s2.0-S1877705815033433-main - Copy.pdf,Mohtara et al.2015,Procedia Engineering,10.1016/j.proeng.2015.11.026,WoS,Malaysia,Regional,4.0,100.0,2,1983-2012,Monthly,30,"Department of Drainage and Irrigation, Malaysia",EI30,The Fournier indexes were used to determine the effect of extreme rainfall events towards soil erosivity.,Statistical,Mann-Kendall trend analysis and Sen's slope tests,No trend,,,Not significant,,Historical,,,,,,1981-2010,,Data scarcity,Data scarcity,,,Low,No-ground only,The result shows that there is a positive correlation between rainfall trends and soil erosivity.,Sec3:Observed,,3.0,Tier3-DataOnly,llama-3.1-8b-instant,Key2,2015.0,No Trend,Statistical,Monthly,South/SE Asia,Low,Ground Only,Significant (p<0.05),3.0,4.0,100.0,Sec3: Observed Trends,,,,,,,,
1-s2.0-S2095633915300848-main - Copy.pdf,Nearing et al.2015,International Soil and Water Conservation Research,10.1016/j.iswcr.2015.06.008,WoS,American Southwest,Local,32.0,-110.0,84,1960-2012,Daily,52,Rain gages,EI30,Statistical analysis of data from erosion plots,Statistical,,No trend,61.0,,Not significant,,Historical,,,,,,,,,,,,Low,No-ground only,The results illustrate the need for testing and developing improved techniques to evaluate future erosion scenarios for purposes of making targeted soil conservation decisions.,Sec1:Introduction,,,Tier3-DataOnly,llama-3.1-8b-instant,Key3,2015.0,No Trend,Statistical,Daily,Americas,Low,Ground Only,Significant (p<0.05),,32.0,-110.0,Sec1: Introduction,,,,,,,,
1-s2.0-S2095633916300053-main.pdf,Mondal et al.2016,International Soil and Water Conservation Research,10.1016/j.iswcr.2016.08.004,WoS,Central India,Regional,22.3,78.5,9,1980-2020,Daily,40,GCMs,EI30,The projected rainfall is generated by SDSM (Statistical DownScaling Model) after calibration and validation using two GCMs (general circulation model) data of HadCM3 (A2 and B2 scenario) and CGCM3 (A1B and A2 scenario).,Statistical,Mann–Kendall test,Increasing,32.91% to 24.12%,18.82 to 75.48%,p<0.05,Projected increase in rainfall,Multiple,2080s,20.95–202.40%,,HadCM3 and CGCM3,,1981-2010,Statistical DownScaling Model (SDSM),GCM spread,Model structural,,,Low,,Rainfall erosivity has increased due to the projected increase in the future rainfall (2080s) in comparison to the past.,Sec4:Modelling,"SDG15.3,IPCC AR6,UNCCD",4.0,Tier2-Selective,llama-3.1-8b-instant,Key1,2016.0,Increasing,Statistical,Daily,South/SE Asia,Low,,Significant (p<0.05),4.0,22.3,78.5,Sec4: Modelling,,,,,,,,
1-s2.0-S209563392100068X-main.pdf,Sun et al.2021,International Soil and Water Conservation Research,10.1016/j.iswcr.2021.06.008,Scopus,Loess Plateau,Local,35.0,105.0,4,,,,Experimental data,,The study used three-scale indoor artificial experiments to investigate surface erosion processes in four contrasting soils under high rainfall intensity.,Observation,,,,,p<0.05,,,,,,,,,,,,,,,,"The study found that soil properties significantly impact sediment load in all three sub-processes of surface erosion, and proposed specific erosion control practices based on the results.",Sec3:Observed,,4.0,Tier1-Full,llama-3.3-70b-versatile,Key2,2021.0,,Observational,,China,,,,4.0,35.0,105.0,Sec3: Observed Trends,,,,,,,,
1-s2.0-S2095633922000041-main.pdf,Chen et al.2022,International Soil and Water Conservation Research,10.1016/j.iswcr.2022.01.004,Scopus,Tibetan Plateau,Regional,30.0,90.0,1226,2018-2019,Sub-hourly,2,Weather stations,EI30,"1-min precipitation data were used to estimate rainfall erosivity, and the spatial-temporal patterns of rainfall erosivity in the TP were identified.",Observation,,,90.0,,,,,,,,,,,,,,,,Low,No-ground only,"The mean annual rainfall erosivity in the TP was 528 MJ mm ha-1 h-1, with a broader range of 0-3402 MJ mm ha-1 h-1, indicating a significant spatial variability.",Sec3:Observed,,4.0,Tier1-Full,llama-3.3-70b-versatile,Key3,2022.0,,Observational,Sub-hourly,China,Low,Ground Only,,4.0,30.0,90.0,Sec3: Observed Trends,,,,,,,,
1-s2.0-S2095633925001443-main.pdf,Tong et al.2025,International Soil and Water Conservation Research,10.1016/j.iswcr.2025.12.005,Scopus,Global,Global,,,,1985-2013,Daily,40,REGEN,EI30,A daily empirical model based on the Gridded Network Rainfall Estimates (REGEN) dataset and employed the optimal ﬁngerprinting method with simulations from nine Coupled Model Intercomparison Project Phase 6 (CMIP6) models under multiple forcing scenarios.,Statistical,,Increasing,+15.7% to +35.1%,,p < 0.001,Anthropogenic forcings,Multiple SSPs scenarios,Late 21st century,,,Ensemble of 9 CMIP6 models,CMIP6,,,,,,,,,This study provides robust evidence of human inﬂue uence on rainfall erosivity and underscores the need for targeted adaptation strategies to address escalating rainfall erosivity risks under climate change.,Sec4:Modelling,"SDG15.3, IPCC AR6, UNCCD",,Tier1-Full,llama-3.1-8b-instant,Key1,2025.0,Increasing,Statistical,Daily,Global,,,,,,,Sec4: Modelling,+25.8% to +35.1%,+15.7% to +22.2%,20712100,19502014,9 CMIP6 models,SSP1/2/3/5,HIGH,Results
1-s2.0-S2214581824004245-main.pdf,Zhao et al.2024,Journal of Hydrology: Regional Studies,https://doi.org/10.1016/j.ejrh.2024.102075,WoS,Southwestern China,Regional,25.0,105.0,45,1960-2019,Daily,60,Rain gauges,Rainfall Erosivity (RE),Statistical analysis methods,Statistical,,Increasing,+,,p < 0.01,El Ni˜no-Southern Oscillation,Historical,,,,,,1981-2010,,,,,,Low,No-ground only,"The annual average RE was 4774 MJ⋅mm⋅hm−2⋅h−1, exhibiting a persistent increasing trend.",Sec3:Observed,,,Tier1-Full,llama-3.1-8b-instant,Key2,2024.0,Increasing,Statistical,Daily,China,Low,Ground Only,Significant (p<0.01),,25.0,105.0,Sec3: Observed Trends,,,,,,,,
1-s2.0-S2214581825003179-main.pdf,Zhao et al.2025,Journal of Hydrology: Regional Studies,https://doi.org/10.1016/j.ejrh.2025.102492,Scopus,Southwest China,Regional,25.0,105.0,8,1961-2020,Daily,60,NEX-GDDP-CMIP6,EI30,"This study uses Mann-Kendall test, Gravity Center model, and Optimal Parameter-based Geographical Detectors to analyze spatiotemporal distribution and driving factors of rainfall erosivity (R) in different rocky desertification control zones.",Statistical,,Increasing,+12.4%,-5.78-85.60%,p<0.01,Rainfall,Historical,Mid-century,,,NEX-GDDP-CMIP6,CMIP6,1981-2010,,,,,,Low,,"Rainfall erosivity will further increase, with changes ranging from −5.78–85.60%",Sec4:Modelling,"SDG15.3,IPCC AR6,UNCCD",5.0,Tier1-Full,llama-3.1-8b-instant,Key3,2025.0,Increasing,Statistical,Daily,China,Low,,Significant (p<0.01),5.0,25.0,105.0,Sec4: Modelling,+12.89 to +65.83%,+11.09 to +42.02%,20202099,19612014,"EC-Earth3, NorESM2-MM, GFDL-ESM4",SSP1/2/5,HIGH,Table 3
1-s2.0-S2352340923005826-main.pdf,Panagos et al.2023,Data in Brief,10.1016/j.dib.2023.109482,Scopus,Global,Global,,,3939,1980-2020,Sub-hourly,,"GloREDa,CHIRPS,GPM",R-factor,"The database was compiled through a global collaboration between a network of researchers, meteorological services and environmental organisations from 65 countries.",Statistical,,,,,,,,,,,,,,,,,,,,,The database is the first open access database of rainfall erosivity (R-factor) based on hourly and sub-hourly rainfall records at a global scale.,Sec4:Modelling,"SDG15.3,IPCC AR6,UNCCD",,Tier1-Full,llama-3.1-8b-instant,Key1,2023.0,,Statistical,Sub-hourly,Global,,,,,,,Sec4: Modelling,,,,,,,,
1-s2.0-S2665972725004337-main.pdf,Getu et al.2025,Environmental and Sustainability Indicators,https://doi.org/10.1016/j.indic.2025.101012,Scopus,Ethiopia,Local,9.0,38.0,1,1971-2005,Monthly,35,"GloREDa,CHIRPS,GPM",EI30,"Employing Bayesian Model Averaging (BMA), we predicted rainfall and rainfall erosivity under the RCP 4.5 and RCP 8.5 scenarios, addressing data limitations and improving prediction accuracy.",Statistical,Historical rainfall data,Increasing,+12.5%,12%,p<0.01,RCP 4.5 and RCP 8.5 scenarios,RCP 4.5 and RCP 8.5,,,,,,1981-2010,,Data scarcity,Data scarcity,+/-15%,No,High,"CHIRPS,GPM","The study demonstrates the effectiveness of the BMA technique in improving prediction accuracy, particularly in data-scarce regions.",Sec4:Modelling,"SDG15.3,IPCC AR6,UNCCD",4.0,Tier2-Selective,llama-3.1-8b-instant,Key2,2025.0,Increasing,Statistical,Monthly,Africa,High,GPM,Significant (p<0.01),4.0,9.0,38.0,Sec4: Modelling,22%,12%,20612090,19712005,5 RCMs,"RCP 4.5, 8.5",HIGH,Abstract
10.1002@hyp.10370.pdf,López-Vicente et al.2014,Hydrol. Process.,10.1002/hyp.10370,WoS,Central Spanish Pyrenees,Local,42.2,-0.9,1,2012,Hourly,1,SERT-2014,,The enhanced Soil Erosion and Redistribution Tool (SERT-2014) model was used to simulate soil erosion during an exceptional rainfall event.,Process-based,Field-quantified rates of soil loss and a detailed map of soil redistribution,,,,,,Historical,,,,,,1981-2010,No downscaling,,,,,,No-ground only,The SERT-2014 model successfully predicted the different spatial patterns and values of soil redistribution for each sub-event.,Sec4:Modelling,,5.0,Tier1-Full,llama-3.1-8b-instant,Key3,2014.0,,Process-Based,Hourly,Europe,,Ground Only,,5.0,42.2,-0.9,Sec4: Modelling,,,,,,,,
10.1515@geo-2019-0053.pdf,Lukić et al.2019,Open Geosci.,10.1515/geo-2019-0053,Scopus,Pannonian basin,Regional,45.0,20.0,14,1961-2014,Daily,54,European Climate Assessment and Dataset project,EI30,"Several parameters which describe distribution, concentration and variability of precipitation were used, as well as 9 extreme precipitation indices.",Statistical,,Increasing,+12.4%,,p<0.01,,Historical,,,,,,1981-2010,,,,,,Low,,The knowledge about the areas affected by strong soil erosion could lead to introducing effective measures in order to reduce it.,Sec3:Observed,"SDG15.3,IPCC AR6,UNCCD",3.0,Tier2-Selective,llama-3.1-8b-instant,Key1,2019.0,Increasing,Statistical,Daily,Europe,Low,,Significant (p<0.01),3.0,45.0,20.0,Sec3: Observed Trends,,,,,,,,
10.3390@w11050978.pdf,Baiamonte et al.2019,Water,10.3390/w11050978,GScholar,Southern Sicily,Local,37.5,13.5,2,1980-2020,Daily,10,MODIS,EI30,The Revised Universal Soil Loss Equation (RUSLE) model was applied to two Sicilian vineyards to evaluate the impact of Best Management Practice (BMP) on soil erosion.,Process-based,,,,,,,Historical,,,,,,1981-2010,,,,,,,MODIS,The impact of BMP in preventing soil erosion is described in terms of average saved soil loss over the 10-year period of observation.,Sec4:Modelling,,3.0,Tier2-Selective,llama-3.1-8b-instant,Key2,2019.0,,Process-Based,Daily,Other/Regional,,MODIS,,3.0,37.5,13.5,Sec4: Modelling,,,,,,,,
1319-Article Text-2324-1-10-20250207.pdf,Nykytiuk et al.2024,Biosyst. Divers.,10.15421/012444,WoS,Ukraine,Regional,49.0,31.0,1,1974-2015,Daily,42,"GloREDa,CHIRPS,GPM",EI30,The coefficient of atmospheric erosion exhibited a range of 179.9 ± 114.7 (in 2015) to 616.0 ± 468.9 (in 1974) MJ mm/ha h per year.,Statistical,,Increasing,+12.4%,,p<0.05,,Historical,,,,,,,,,,,,,GPM,"The spatially weighted principal components analysis postulates that the covariance structure varies in a spatial manner, thereby enabling the identification of areas with smaller spatial coverage where the structure is constant.",Sec4:Modelling,,3.0,Tier2-Selective,llama-3.1-8b-instant,Key3,2024.0,Increasing,Statistical,Daily,Other/Regional,,GPM,,3.0,49.0,31.0,Sec4: Modelling,,,,,,,,
13809d969fc61409e5f153f26582a531.pdf,Šarapatka et al.2022,Land,10.3390/land11040467,Scopus,Czech Republic,National,49.8,15.5,,,,,,,"The study evaluated the current state of erosion processes and proposed corrective measures, considering existing methodologies and potential land-use changes in the context of climate change.",Review,,,,,,,,,,,,,,,,,,,,,"The study highlights the importance of addressing soil erosion in the context of climate change, and proposes measures to reduce soil loss and promote sustainable agricultural management.",Sec3:Observed,"New European Green Deal, Common Agricultural Policy (CAP)",4.0,Tier2-Selective,llama-3.3-70b-versatile,Key1,2022.0,,Review,,Europe,,,,4.0,49.8,15.5,Sec3: Observed Trends,,,,,,,,
2.pdf,Han and Lee 2024,Land,10.3390/land13122038,Scopus,North Korea,National,40.0,127.0,77,1980-2020,Daily,40,"ECMWF ReAnalysis 5, Korea Meteorological Administration",EI30,"Automated machine learning using GradientBoostingRegressor model, optimized using Tree-based Pipeline Optimization Tool, to estimate rainfall erosivity.",ML,"RMSE, MAE, R2",,,,,,,,,,,,,,,,,,High,No-ground only,"Significant regional variability in rainfall erosivity, with southern and western areas displaying the highest erosivity.",Sec3:Observed,"SDG15.3, UNCCD",4.0,Tier1-Full,llama-3.3-70b-versatile,Key2,2024.0,,Machine Learning,Daily,South/SE Asia,High,Ground Only,,4.0,40.0,127.0,Sec3: Observed Trends,,,,,,,,
32.pdf,Talchabhadel et al.2019,E-proceedings of the 38th IAHR World Congress,10.3850/38WC092019-1264,Scopus,Nepal,National,27.7,85.3,,"1961-1990, 2041-2060, 2061-2080",Monthly,30,WorldClim,RUSLE,"Ensembles of ten selected General Circulation Models (GCMs) from WorldClim under two representative concentration pathways (RCP 4.5 and RCP 8.5) were used for projected analysis. Wischmeier and Smith, (1978)’s approach was used to estimate rainfall erosivity.",Statistical,,Increasing,+27.8%,,,Climate change,"RCP 4.5, RCP 8.5","2050s, 2070s",,,Ensemble of 10 GCMs,CMIP5,1961-1990,,,,,,,,"The annual rainfall erosivities are expected to increase by 27.8% in high mountain, 17.76% in upper hill, 17.7% in mid hill, 19.68% in siwalik, and 16.5% in tarai plain of the country in far future under RCP 8.5 with respect to historical time.",Sec3:Observed,,4.0,Tier2-Selective,llama-3.3-70b-versatile,Key3,2019.0,Increasing,Statistical,Monthly,South/SE Asia,,,,4.0,27.7,85.3,Sec3: Observed Trends,,,,,,,,
3609c0a37b1b47e90cf376f9deb7a036.pdf,Lu et al.2024,Land,10.3390/land13081210,Scopus,Hainan Island,Sub-national,18.25,109.58,38,1971-2020,Daily,49,Meteorological stations,EI30,A daily RE model was identified as a calculation model through an evaluation of model suitability. Daily precipitation data were utilized to calculate the RE.,Statistical,,Increasing,,,,El Niño/Southern Oscillation,,,,,,,,,,,,,Medium,No-ground only,"The study found a significant correlation between RE and ENSO indices, with RE being greater during El Niño periods than La Niña periods.",Sec3:Observed,,4.0,Tier1-Full,llama-3.3-70b-versatile,Key1,2024.0,Increasing,Statistical,Daily,Other/Regional,Medium,Ground Only,,4.0,18.25,109.58,Sec3: Observed Trends,,,,,,,,
472-ArticleText-905-1-10-20231014.pdf,Stredova et al.2023,Contributions to Geophysics and Geodesy,10.31577/congeo.2023.53.3.7,Scopus,Czech Republic,National,49.1951,16.6067,111,1991-2021,Sub-hourly,30,Czech Hydrometeorological Institute,EI30,The study used the Universal Soil Loss Equation (USLE) and compared two variants of erosive efficient rains (EER) criteria: VAR AND and VAR OR.,Statistical,,Increasing,,,,Climate change,,,,,,,,,,,,,Low,,"The study found a statistically significant increase in rainfall erosivity factor (R factor) over the study period, highlighting the need to update R-factor values to reflect increasing climate change impacts.",Sec3:Observed,,4.0,Tier1-Full,llama-3.3-70b-versatile,Key2,2023.0,Increasing,Statistical,Sub-hourly,Europe,Low,,,4.0,49.1951,16.6067,Sec3: Observed Trends,,,,,,,,
539359045.pdf,Castagna et al.2022,Nativa,https://doi.org/10.31413/nativa.v10i3.13913,Scopus,Brazilian Cerrado Biome,Sub-national,-12.6383,-55.6872,81,2002-2021,Daily,20,Rain gauge stations,EI30,The study used 16 regionally calibrated equations to estimate rainfall erosivity from 20-year historical series of 81 rain gauge stations.,Statistical,,,38.1,,,,,,,,,,,,,,,No,Medium,No-ground only,"The study found that municipalities in northeastern Mato Grosso do Sul presented the highest monthly erosivity indexes, while those in eastern Mato Grosso presented the lowest.",Sec3:Observed,,4.0,Tier2-Selective,llama-3.3-70b-versatile,Key3,2022.0,,Statistical,Daily,Americas,Medium,Ground Only,,4.0,-12.6383,-55.6872,Sec3: Observed Trends,,,,,,,,
6377431886613839249369669.pdf,Li et al.2021,Journal of Hydrology,10.1016/j.jhydrol.2021.126996,WoS,China,National,35.0,105.0,,1986-2005,Daily,30,CESM,EI30,"Statistically downscaled, bias-corrected Community Earth System Model (CESM) low-warming simulations were used to investigate the future changes in rainfall erosivity in mainland China under the Paris Agreement global warming targets.",Process-based,,Increasing,+33%,,p<0.01,Increases in frequency and intensity of erosive rainfall,SSP1-1.9,Mid-century,,,CESM,CMIP5,1981-2010,Statistical QM,,,,Yes-QM,Low,No-ground only,Limiting global warming to 1.5 ◦C instead of 2 ◦C would reduce 17% of the increase in rainfall erosivity in China.,Sec4:Modelling,,4.0,Tier2-Selective,llama-3.1-8b-instant,Key1,2021.0,Increasing,Process-Based,Daily,China,Low,Ground Only,Significant (p<0.01),4.0,35.0,105.0,Sec4: Modelling,,+33% to +40%,20812100,19862005,CESM,1.5°C & 2°C,HIGH,Abstract
6cfd6c6fc169e2e9eb0aa27c5256e052d316.pdf,Lukić et al.2021,Acta geographica Slovenica,https://doi.org/10.3986/AGS.8754,RefList,Vojvodina (North Serbia),Regional,45.25,19.83,12,1946-2014,Monthly,68,"GloREDa,CHIRPS,GPM",Angot precipitation index,"Relevant parameters (precipitation amounts, Angot precipitation index) were used as indicators of rainfall erosivity.",Statistical,,,,,p<0.05,,Historical,,,,,,,,,,,,,,"Results indicate that various susceptibility classes are identified within the observed period, with a higher presence of very severe rainfall erosion in June and July.",Sec3:Observed,"SDG15.3,IPCC AR6,UNCCD",3.0,Tier3-DataOnly,llama-3.1-8b-instant,Key2,2021.0,,Statistical,Monthly,Other/Regional,,,,3.0,45.25,19.83,Sec3: Observed Trends,,,,,,,,
"Abd Elbasit et al. - 2013 - Spatiotemporal changes of rainfall erosivity in Loess Plateau, China.pdf",Abd Elbasit et al.2013,ISRN Soil Science,10.1155/2013/256352,Scopus,China,Local,varies,varies,42,1960-1999,Daily,40,Rainfall stations,MFI,"The rainfall erosivity has been investigated using the modified Fournier index (MFI), annual rainfall, and precipitation concentration index (PCI).",Statistical,,Decreasing,-10%,,,,Historical,,,,,,1981-2010,,,,,,Low,,"The rainfall erosivity has been found to decrease in the Loess Plateau, China.",Sec3:Observed,,,Tier3-DataOnly,llama-3.1-8b-instant,Key3,2013.0,Decreasing,Statistical,Daily,China,Low,,,,,,Sec3: Observed Trends,,,,,,,,
Akintola et al. - 2024 - Impact of climate change on rainfall erosivity in Nigeria.pdf,Akintola et al.2024,FUOYE Journal of Engineering and Technology,10.46792/fuoyejet.v9i2.3,RefList,Nigeria,National,,,46,1960-2022,Daily,62,CRU-TS v4.3,Fournier index,"Rainfall data spanning a period of 62 years, obtained from the website archive of the Climate Research Unit-Time Series v4.3 (CRU-TS v4.3) from the University of East Anglia, United Kingdom, were used to compute rainfall erosivity indices for 46 selected stations in Nigeria, across five agroecological zones of Nigeria.",Statistical,,,,,,,Historical,,,,,,,,,,,,,,Findings of this study can improve understanding of the threats posed by climate change to Nigerian soils. This information will help in developing strategies to mitigate soil erosion and ensure sustainable land management practices.,Sec3:Observed,"SDG15.3,IPCC AR6,UNCCD",,Tier1-Full,llama-3.1-8b-instant,Key1,2024.0,,Statistical,Daily,Africa,,,,,,,Sec3: Observed Trends,,,,,,,,
Almagro et al. - 2017 - Projected climate change impacts in rainfall erosivity over Brazil.pdf,Almagro et al.2017,Scientific Reports,10.1038/s41598-017-08298-y,GScholar,Brazil,Continental,-10.0,-55.0,"10,437",1980-2013,Daily,33,"HadGEM2-ES, MIROC5",EI30,"Observed rainfall data and downscaled climate model output based on Hadley Center Global Environment Model version 2 (HadGEM2-ES) and Model for Interdisciplinary Research On Climate version 5 (MIROC5), forced by Representative Concentration Pathway 4.5 and 8.5, to estimate and map rainfall erosivity and its projected changes across Brazil.",Process-based,,Increasing,+109%,,p<0.01,Climate change,"RCP4.5, RCP8.5",2040,,,"HadGEM2-ES, MIROC5",CMIP5,1961-2005,CORDEX RCM,,,,,Low,,"Our results provide an overview of rainfall erosivity in Brazil that may be useful for planning soil and water conservation, and for promoting water and food security.",Sec4:Modelling,"SDG15.3, IPCC AR6, UNCCD",4.0,Tier2-Selective,llama-3.1-8b-instant,Key2,2017.0,Increasing,Process-Based,Daily,Americas,Low,,Significant (p<0.01),4.0,-10.0,-55.0,Sec4: Modelling,-41% to +33%,-30% to +17%,20072099,19612005,"HadGEM2-ES, MIROC5","RCP 4.5, 8.5",HIGH,Tables 1 & 2
Analysis_of_rainfall_erosivity_factor_R_on_predict.pdf,Andriyani et al.2024,SAINS TANAH – Journal of Soil Science and Agroclimatology,10.20961/stjssa.v21i1.63641,RefList,Indonesia,Local,,,,1980-2020,Monthly,,,,The Universal Soil Loss Equation (USLE) and The Revised Universal Soil Loss Equation (RUSLE) model are commonly used to predict erosion yield in Indonesia.,Statistical,,,,,p<0.05,,,,,,,,,,,,,,,,The results show that the prediction of soil erosion yields estimates using monthly rainfall data in both models have no significant differences.,Sec2:Theory,,,Tier1-Full,llama-3.1-8b-instant,Key3,2024.0,,Statistical,Monthly,South/SE Asia,,,,,,,Sec2: Theory,,,,,,,,
Angulo-Martínez and Beguería - 2009 - Estimating rainfall erosivity from daily precipitation records A comparison among methods using dat - Copy.pdf,Angulo-Martínez et al.2022,Journal of Hydrology,,Scopus,NE Spain,Local,41.65,-0.9,1,1980-2020,15 min,40,"GloREDa,CHIRPS,GPM",EI30,Daily rainfall erosivity models accurately predicted annual rainfall erosivity. Parametric models with few combined parameters and a periodic function simulating intra-annual rainfall behavior provided the best results.,Statistical,,No trend,0.66,,,,Historical,,,,,,1981-2010,,,,,,Low,No-ground only,Daily rainfall erosivity models accurately predicted annual rainfall erosivity.,Sec4:Modelling,,3.0,Tier3-DataOnly,llama-3.1-8b-instant,Key1,2022.0,No Trend,Statistical,Sub-hourly,Europe,Low,Ground Only,,3.0,41.65,-0.9,Sec4: Modelling,,,,,,,,
"Angulo-Martínez and Beguería - 2012 - Trends in rainfall erosivity in NE Spain at annual, seasonal and daily scales, 1955–2006 - Copy.pdf",Angulo-Martinez et al.2012,Hydrol. Earth Syst. Sci.,10.5194/hess-16-3551-2012,WoS,NE Spain,Regional,41.65,-0.9,1,1955-2006,Daily,52,Observed,EI30,"The study used the USLE/RUSLE R factor to calculate rainfall erosivity, which is defined as the mean value of the annual cumulative EI30 index.",Statistical,,Decreasing,-,,,Changes in precipitation variability and precipitation extremes,Historical,,,,,,,,,,,,Low,,"A general decrease in annual and seasonal rainfall erosivity was found, which is explained by a decrease of very intense rainfall events whilst the frequency of moderate and low events increased.",Sec3:Observed,,4.0,Tier2-Selective,llama-3.1-8b-instant,Key2,2012.0,Decreasing,Statistical,Daily,Europe,Low,,,4.0,41.65,-0.9,Sec3: Observed Trends,,,,,,,,
Angulo-Martínez et al. - 2009 - Mapping rainfall erosivity at a regional scale a comparison of interpolation methods in the Ebro Ba - Copy.pdf,Angulo-Martinez et al.2009,Hydrol. Earth Syst. Sci.,,Scopus,NE Spain,Regional,41.65,-0.9,,1980-2020,15 min,,,EI30,"Global, local and geostatistical interpolation techniques were employed to produce maps of the rainfall erosivity indices, as well as mixed methods.",Statistical,cross-validation scheme,,,,,,Historical,,,,,,,,,,,,,No-ground only,All methods were able to capture the general spatial pattern of both erosivity indices.,Sec2:Theory,,,Tier4-Citation,llama-3.1-8b-instant,Key3,2009.0,,Statistical,Sub-hourly,Europe,,Ground Only,,,41.65,-0.9,Sec2: Theory,,,,,,,,
Assessment_of_water_erosion_in_the_Iguerferouane_w.pdf,Oudour et al.2025,Ecological Engineering & Environmental Technology,10.12912/27197050/210292,WoS,North Africa,Local,31.5,-8.5,1,2020-2025,Daily,5,GloREDa,Erosivity Density,"The erosion potential method (EPM) was applied by integrating multiple factors such as climate, slope, land cover, and soil type.",Empirical,,,,,,,Historical,,,,,,,,,,,,Low,,"Soil erosion in the Iguerferouane basin is driven primarily by the interaction topography, a degrading vegetation, rainfall aggressiveness, and lithological fragility.",Sec4:Modelling,,3.0,Tier3-DataOnly,llama-3.1-8b-instant,Key1,2025.0,,Statistical,Daily,Africa,Low,,,3.0,31.5,-8.5,Sec4: Modelling,,,,,,,,
Bahizi et al. - 2025 - Malaria outbreak facilitated by increased vector-breeding sites from erosion control pits sustained - Copy (2).pdf,Bahizi et al.2026,Malaria Journal,10.1186/s12936-025-05705-y,Scopus,Uganda,Local,1.0,34.0,,2019,Daily,1,Routine surveillance data analysis,,"A confirmed case was defined as a positive malaria result using a malaria rapid diagnostic test or microscopy from 1 January 2019 to 30 June 2019 in a resident or visitor of Bumbobi or Nyondo Sub-County, Mbale District.",Observation,,,,,p<0.05,,,,,,,,,,,,,,,,"Increased vector breeding sites due to erosion control pits as a soil conservation practice sustained by the intermittent rainfall, likely caused this outbreak.",Sec3:Observed,,,Tier1-Full,llama-3.1-8b-instant,Key2,2026.0,,Observational,Daily,Africa,,,,,1.0,34.0,Sec3: Observed Trends,,,,,,,,
Baiamonte et al. - 2019 - Time scale effects and interactions of rainfall erosivity and cover management factors on vineyard s - Copy (2).pdf,Baiamonte et al.2019,Water,10.3390/w11050978,GScholar,Southern Sicily,Local,37.5,13.5,2,1980-2020,Daily,10,"GloREDa,CHIRPS,GPM",EI30,The Revised Universal Soil Loss Equation (RUSLE) model was applied to two Sicilian vineyards to evaluate the impact of Best Management Practice (BMP) on preventing soil erosion.,Process-based,,,,,,,Historical,,,,,,1981-2010,No downscaling,,,,,,MODIS,The impact of BMP in preventing soil erosion is described in terms of average saved soil loss over the 10-year period of observation.,Sec4:Modelling,,3.0,Tier2-Selective,llama-3.1-8b-instant,Key3,2019.0,,Process-Based,Daily,Other/Regional,,MODIS,,3.0,37.5,13.5,Sec4: Modelling,,,,,,,,
Ballabio et al. - 2017 - Mapping monthly rainfall erosivity in Europe - Copy.pdf,Ballabio C et al.2017,Science of the Total Environment,http://dx.doi.org/10.1016/j.scitotenv.2016.11.123,Scopus,Europe,Continental,47.0,15.0,,1980-2020,Monthly,1,"REDES, WorldClim",R-factor,"The Cubist model has been selected among various statistical models to perform the spatial interpolation due to its excellent performance, ability to model non-linearity and interpretability.",Statistical,Cross-validation,Increasing,+100%,,p<0.01,Seasonal patterns,Historical,,,,,,1981-2010,,Model structural,Model structural,,,Low,,"The monthly prediction is an order more difficult than the annual one as it is limited by the number of covariates and, for consistency, the sum of all months has to be close to annual erosivity.",Sec4:Modelling,"SDG15.3, IPCC AR6, UNCCD",5.0,Tier1-Full,llama-3.1-8b-instant,Key1,2017.0,Increasing,Statistical,Monthly,Europe,Low,,Significant (p<0.01),5.0,47.0,15.0,Sec4: Modelling,,,,,,,,
Bellocchi and Diodato - 2020 - Rainfall Erosivity in Soil Erosion Processes - Copy - Copy.pdf,Bellocchi G. and Diodato N.2020,Water,10.3390/w12030722,GScholar,Global,Global,,,,1980-2020,,,,,"This editorial introduces the Special Issue entitled “Rainfall Erosivity in Soil Erosion Processes”, which oﬀers options to ﬁll some of these gaps.",Review,,,,,,,,,,,,,,,,,,,,,"This editorial introduces the Special Issue entitled “Rainfall Erosivity in Soil Erosion Processes”, which oﬀers options to ﬁll some of these gaps.",Sec2:Theory,,,Tier1-Full,llama-3.1-8b-instant,Key2,2020.0,,Review,,Global,,,,,,,Sec2: Theory,,,,,,,,
Beullens et al. - 2014 - Impact of slope aspect on hydrological rainfall and on the magnitude of rill erosion in Belgium and - Copy.pdf,Beullens et al.2014,Catena,114: 129–139,WoS,Northwest Europe,Local,50.85,3.72,6,,,,,,"The study was executed on six barren conical spoil heaps, which are excellent study objects to bring the slope aspect in relation with rill erosion.",Observation,,,,,,,,,,,,,,,,,,,,,"The largest volume of rills was measured on the slopes facing the southwest (96%), which indicates that there is a connection between the slope aspect and the magnitude of rill erosion.",Sec3:Observed,,,Tier3-DataOnly,llama-3.1-8b-instant,Key3,2014.0,,Observational,,Europe,,,,,50.85,3.72,Sec3: Observed Trends,,,,,,,,
Bezak et al. - 2022 - Exploring the possible role of satellite-based rainfall data in estimating inter- and intra-annual g - Copy.pdf,Bezak et al.2022,Hydrol. Earth Syst. Sci.,https://doi.org/10.5194/hess-26-1907-2022,Scopus,Global,Global,,,,1998-2019,30-minute,22,CMORPH,Erosivity Density,The suitability of alternative approaches to estimate global rainfall erosivity using satellite-based rainfall data was explored in this study.,Statistical,GloREDa,Increasing,,,p<0.01,,Historical,,,,,,,,,,,Yes-QM,High,GPM,Satellite-based approaches for estimation of rainfall erosivity appear to be more suitable for low-erosivity regions.,Sec4:Modelling,,,Tier1-Full,llama-3.1-8b-instant,Key1,2022.0,Increasing,Statistical,Sub-hourly,Global,High,GPM,Significant (p<0.01),,,,Sec4: Modelling,,,,,,,,
Biasutti and Seager - 2015 - Projected changes in US rainfall erosivity.pdf,Biasutti and Seager2015,Hydrol. Earth Syst. Sci.,10.5194/hess-19-2945-2015,WoS,US,National,37.0902,-95.7129,21,1980-2020,Daily,40,CMIP5,EI30,Downscaled rainfall projections from 21 climate models are used to estimate future changes in rainfall erosivity in the continental United States.,Process-based,,Increasing,+12.4%,,,,Multiple,,,,ensemble of 18,CMIP5,1981-2010,No downscaling,Method of estimation of erosivity,Model structural,+/-15%,,,No-ground only,"The expectation of overall increase in erosivity is confirmed by these calculations, but a quantitative assessment is marred by large uncertainties.",Sec4:Modelling,,3.0,Tier2-Selective,llama-3.1-8b-instant,Key2,2015.0,Increasing,Process-Based,Daily,Other/Regional,,Ground Only,,3.0,37.0902,-95.7129,Sec4: Modelling,+36% to +46%,,20792099,19802000,21 CMIP5 models,RCP 8.5,HIGH,Panagos 2022 Table 1
Bookhagen - 2010 - Appearance of extreme monsoonal rainfall events and their impact on erosion in the Himalaya - Copy.pdf,Bookhagen B.2010,"Geomatics, Natural Hazards and Risk",10.1080/19475701003625737,WoS,Himalaya,Regional,28.5,85.5,1,1980-2020,Daily,1,TRMM,Other,"A simple, but robust magnitude-frequency relation for each rainfall pixel is used to show that rainfall greater or equal to the 90th percentile occurs at least twice as often in mountainous terrain as in low-elevation regions.",Statistical,,,,,,,Historical,,,,,,1981-2010,No downscaling,,,,,,TRMM,"Improved statistics for extreme events are key to mitigating the filling of hydropower reservoirs and abrasion of hydropower turbines, as well as to sustaining infrastructure and successful agriculture in the downstream section of the Himalaya.",Sec2:Theory,,3.0,Tier3-DataOnly,llama-3.1-8b-instant,Key3,2010.0,,Statistical,Daily,Other/Regional,,TRMM,,3.0,28.5,85.5,Sec2: Theory,,,,,,,,
Bouderbala et al. - 2019 - Rainfall variability and soil erosivity in semi-arid regions Case of the western Algerian region - Copy.pdf,Bouderbala et al.2019,Revista Brasileira de Climatologia,,RefList,Western Algeria,Regional,,,42,1980-2021,Monthly,41,,EI30,Multi-factorial statistical tests were used to assess relationships between different geographic variables and precipitation parameters.,Statistical,,,,,,,,,,,,,,,,,,,,,The multifactorial analysis showed significant relations between the variables studied by grouping them with the same trends on the factorial axes.,Sec3:Observed,,,,llama-3.1-8b-instant,Key1,2019.0,,Statistical,Monthly,Other/Regional,,,,,,,Sec3: Observed Trends,,,,,,,,
Brasil et al. - 2025 - Uncertainty in kinetic energy models for rainfall erosivity estimation in semi-arid regions - Copy.pdf,Brasil et al.2025,Hydrology,10.3390/hydrology12070181,GScholar,South America,Regional,-6.0,-39.0,283,1980-2020,Hourly,1,"GloREDa,CHIRPS,GPM",EI30,"This study aims to evaluate the performance of empirical models for estimating rainfall kinetic energy (KE) and erosivity index (EI30) in this region, for all events and erosive events, using high-resolution rainfall data collected at the Federal University of Cariri (UFCA), Ceará.",Statistical,"Wilcoxon test, Nash–Sutcliffe efficiency, and Willmott concordance index",No trend,,,p<0.01,,Historical,,,,,,1981-2010,No downscaling,Data scarcity,Data scarcity,,,High,No-ground only,"These findings underscore the importance of considering intra-event rainfall variability and regional calibration when modeling erosivity in semi-arid climates, contributing to more effective soil conservation and hydrological planning.",Sec3:Observed,"SDG15.3,IPCC AR6,UNCCD",3.0,Tier3-DataOnly,llama-3.1-8b-instant,Key2,2025.0,No Trend,Statistical,Hourly,Americas,High,Ground Only,Significant (p<0.01),3.0,-6.0,-39.0,Sec3: Observed Trends,,,,,,,,
Braun et al. - 2015 - Erosional response of an actively uplifting mountain belt to cyclic rainfall variations.pdf,Braun et al.2015,Earth Surf. Dynam.,10.5194/esurf-3-1-2015,WoS,Global,Continental,,,,1980-2020,,,,,We present an approximate analytical solution to the stream power equation describing the erosion of bedrock in an actively uplifting mountain range subject to periodic variations in precipitation rate.,Statistical,,,,,,,,,,,,,,,,,,,,,"We show that rainfall variability at Milankovitch periods should affect the erosional response of fast uplifting mountain belts such as the Himalayas, Taiwan or the South Island, New Zealand, and predict 1000 to 10 000-year offsets between forcing and response.",Sec2:Theory,,,Tier1-Full,llama-3.1-8b-instant,Key3,2015.0,,Statistical,,Global,,,,,,,Sec2: Theory,,,,,,,,
Brychta and Janeček - 2017 - Evaluation of discrepancies in spatial distribution of rainfall erosivity in the Czech Republic caus - Copy.pdf,Brychta et al.2017,Soil & Water Res.,10.17221/176/2015-SWR,WoS,Czech Republic,National,49.8,15.5,13,1980-2020,Daily,40,"GloREDa,CHIRPS,GPM",EI30,"The study presents all approaches of rainfall erosivity factor (R) computation and estimation used in the Czech Republic (CR). A lot of distortions stem from the difference in erosive rainfall criteria, time period, tipping rain gauges errors, low temporal resolution of rainfall data, the type of interpolation method, and inappropriate covariates.",Statistical,Empirical Bayesian Kriging,No trend,,,,,Historical,,,,,,1981-2010,,Data scarcity,Data scarcity,,,High,No-ground only,The study recommends the R factor for agricultural land in the Czech Republic R = 40 MJ/ha·cm/h +/- 10% depends on geographic location.,Sec3:Observed,,3.0,Tier3-DataOnly,llama-3.1-8b-instant,Key1,2017.0,No Trend,Statistical,Daily,Europe,High,Ground Only,,3.0,49.8,15.5,Sec3: Observed Trends,,,,,,,,
Cai et al. - 2020 - Assessment of soil and water conservation practices in the loess hilly region using a coupled rainfa - Copy.pdf,Cai et al.2020,Sustainability,10.3390/su12030934,GScholar,Loess Plateau of China,Regional,,,,2020-2050,,30 years,"GloREDa,CHIRPS,GPM",,The Soil Conservation Service Curve Number (SCS-CN) and the Modiﬁed Universal Soil Loss Equation (MUSLE) were employed to investigate the patterns of surface runoﬀand soil erosion with diﬀerent SWCPs.,Statistical,,,73.0,,,,RCP4.5 and RCP8.5,2050,,,,,1981-2010,,,,,,,,The combination of shrub and horizontal terracing was recommended due to its low water cost for sediment control among seven SWCPs.,Sec4:Modelling,,,Tier3-DataOnly,llama-3.1-8b-instant,Key2,2020.0,,Statistical,,China,,,,,,,Sec4: Modelling,18%,16%,20202050,19862005,RegCM4.5,"RCP 4.5, 8.5",HIGH,Abstract
Calvo-Alvarado et al. - 2014 - Determining Rainfall Erosivity in Costa Rica A Practical Approach.pdf,Calvo-Alvarado et al.2013,Mountain Research and Development,10.1659/MRD-JOURNAL-D-13-00062.1,Scopus,Costa Rica,National,9.9,-84.1,106,1990,Monthly,30,GloREDa,EI30,"Regression equations were computed to estimate the R-factor for the Caribbean slope, the Pacific slope, and the country as a whole. Forward stepwise analysis and multiple regression analysis were employed to determine the regression coefficients for each developed equation.",Statistical,,,,,,,Historical,,,,,,1981-2010,,,,,,High,,This study provides an easy way to estimate the R-factor using regression equations that require only simple and readily available geophysical information.,Sec4:Modelling,,3.0,Tier2-Selective,llama-3.1-8b-instant,Key3,2013.0,,Statistical,Monthly,Other/Regional,High,,,3.0,9.9,-84.1,Sec4: Modelling,,,,,,,,
Cardoso et al. - 2022 - Rainfall erosivity estimation Comparison and statistical assessment among methods using data from S.pdf,Cardoso et al.2022,Rev Bras Cienc Solo,10.36783/18069657rbcs20210122,Scopus,Southeastern Brazil,Local,-21.2278,-44.9719,1,2009-2015,Daily,6,USP Meteorological Station,EI30,The study used the Additive Main effects and Multiplicative Interaction (AMMI) model and Scott-Knott statistical tests to compare different methods for estimating rainfall erosivity.,Statistical,Comparison with standard method,,79.87,,,,,,,,,,,,,,,,Medium,TRMM,The modified Fournier method proved to be capable of consistently replacing the standard method in all situations.,Sec3:Observed,,4.0,Tier1-Full,llama-3.3-70b-versatile,Key1,2022.0,,Statistical,Daily,Americas,Medium,TRMM,,4.0,-21.2278,-44.9719,Sec3: Observed Trends,,,,,,,,
Carpena et al. - 2021 - Rainfall-induced landslides and erosion processes in the road network of the Jaén province (southern - Copy.pdf,Carpena et al.2021,Hydrology,10.3390/hydrology8030100,Scopus,Southern Spain,Local,37.7667,-3.7833,,,Daily,,Local media and spatial proximity,Other,The study used a daily rainfall database in a dense grid (1 km) to estimate the rainfall series at each incidence point with high precision. Rainfall thresholds and their return periods were estimated using a linear equation and a power-law curve.,Statistical,,,,,,,,,,,,,,,,,,,,,"The study found that rainfall events of different durations could be estimated for use in hazard analysis, as well as for the future development of warning systems. Non-significant differences were observed between the thresholds and the return periods for the lower and higher magnitude incidences.",Sec3:Observed,,3.0,Tier2-Selective,llama-3.3-70b-versatile,Key2,2021.0,,Statistical,Daily,Europe,,,,3.0,37.7667,-3.7833,Sec3: Observed Trends,,,,,,,,
"Catari and Gallart - 2010 - Rainfall erosivity in the upper Llobregat basin, SE Pyrenees - Copy.pdf",Catarí & Gallart 2010,Pirineos. Revista de Ecología de Montaña,10.3989/Pirineos.2010.165003,Scopus,South Europe,Local,42.5,1.5,8,1991-2004,Mixed,14,Weather stations,R factor,The R factor was calculated from sub-hourly data and then extrapolated to other locations using daily rainfall data. The error propagation of this upscaling approach was analyzed.,Statistical,,,,,p<0.05,,,,,,,,,,Error propagation from upscaling approach,Data scarcity,,No,Medium,No-ground only,"The temporal averaging of R values was the largest contributor to uncertainty at the annual scale, but this contribution decreased significantly when R was estimated for the long term.",Sec3:Observed,,4.0,Tier2-Selective,llama-3.3-70b-versatile,Key3,2010.0,,Statistical,Mixed/Event,Europe,Medium,Ground Only,,4.0,42.5,1.5,Sec3: Observed Trends,,,,,,,,
Catari et al. - 2011 - Assessing the sources of uncertainty associated with the calculation of rainfall kinetic energy and.pdf,Catari et al.2011,Hydrol. Earth Syst. Sci.,10.5194/hess-15-679-2011,Scopus,NE Spain,Local,41.5103,1.9347,1,,Sub-hourly,,On-site measurements,Rainfall kinetic energy,The study used a non-linear equation to estimate rainfall kinetic energy from sub-hourly measurements of rainfall intensity. The uncertainty associated with this estimation was analyzed at different temporal and spatial scales.,Statistical,,,,,p<0.05,,,,,,,,,,"Instrumental errors, methodological limitations",Model structural,Up to 30%,,,,The uncertainty associated with the calculation of rainfall kinetic energy from rainfall intensity can be as high as 30% due to methodological limitations.,Sec3:Observed,,4.0,Tier1-Full,llama-3.3-70b-versatile,Key1,2011.0,,Statistical,Sub-hourly,Europe,,,,4.0,41.5103,1.9347,Sec3: Observed Trends,,,,,,,,
"Commelin et al. - 2022 - Pesticides are substantially transported in particulate phase, driven by land use, rainfall event an.pdf",Commelin et al.2022,Frontiers in Environmental Science,10.3389/fenvs.2022.830589,Scopus,Europe,Local,51.97,5.66,1,2019-2020,Event-based,2,Field measurements,Other,The study used event-based monitoring of runoff and erosion events in a small agricultural catchment. The transport of pesticides in the particulate phase was quantified and compared to the dissolved phase.,Observation,,,,,p<0.05,,,,,,,,,,,,,,Low,No-ground only,"The study found that the transport of pesticides in the particulate phase is a substantial pathway for pesticide pollution, especially in arable farming on sloping lands.",Sec3:Observed,"SDG2, SDG12",4.0,Tier1-Full,llama-3.3-70b-versatile,Key2,2022.0,,Observational,Mixed/Event,Europe,Low,Ground Only,,4.0,51.97,5.66,Sec3: Observed Trends,,,,,,,,
Cui et al. - 2020 - Spatiotemporal variation and tendency analysis on rainfall erosivity in the Loess Plateau of China.pdf,Cui et al.2020,Hydrology Research,10.2166/nh.2020.030,Scopus,Loess Plateau of China,Regional,35.0,105.0,39,1971-2010,Daily,40,Observation,EI30,Statistical analyses were done using Mann-Kendall statistic tests and ordinary Kriging interpolation. The HadGEM2-ES model was used for long-term tendency prediction.,Statistical,,Decreasing,-6.5%,-84.56 MJ mm hm^2 h^-1 a^-1,Not significant,Climate change,RCP,,,,HadGEM2-ES,,1971-1990,,Climate model uncertainty,GCM spread,,No,Medium,,"The annual mean rainfall erosivity in the Loess Plateau decreased from 1971-1990 to 1991-2010, and the effect of annual precipitation on rainfall erosivity weakened under climate change.",Sec3:Observed,,4.0,Tier1-Full,llama-3.3-70b-versatile,Key3,2020.0,Decreasing,Statistical,Daily,China,Medium,,Significant (p<0.05),4.0,35.0,105.0,Sec3: Observed Trends,,,,,,,,
Dai et al. - 2022 - Study on the characteristics of soil erosion in the black soil area of northeast China under natural.pdf,Dai et al.2022,Sustainability,10.3390/su14148284,GScholar,Northeast China,Local,45.75,126.63,9,1980-2020,Daily,1,"GloREDa,CHIRPS,GPM",Other,"Nine runoff plots were deployed in Bin County, the core area of soil erosion control, to monitor runoff and soil loss long-term, simulated by the erosion potential method (EPM) for comparison.",Statistical,,,,,p<0.05,,Historical,,,,,,,,,,,,,,The change from longitudinal ridge tillage to cross ridge tillage on gentle slopes can effectively prevent soil erosion in the study area.,Sec3:Observed,,,Tier3-DataOnly,llama-3.1-8b-instant,Key1,2022.0,,Statistical,Daily,China,,,,,45.75,126.63,Sec3: Observed Trends,,,,,,,,
Dai et al. - 2023 - Radar remote sensing reveals potential underestimation of rainfall erosivity at the global scale.pdf,Dai et al.2023,American Association for the Advancement of Science,,GScholar,Global,Global,,,,2015-2019,Daily,5,GPM,RKEMPH,"We provide the first global-level estimation of rainfall microphysics–based RKE (RKEMPH) flux spanning from 2015 to 2019 at a spatial resolution of 0.1° × 0.1° between 60°N and 60°S, covering ~87% of the Earth’s land surface (~1.18 × 108 km2).",Remote Sensing,"We evaluated the daily rainfall and raindrop microphysics based on radar remote sensing against meteorological data with 4,602,282 daily records and disdrometer data distributed around the world.",,,,p<0.05,,Historical,,,,,,,,,,,,,GPM,Our RKEMPH products and the resultant rainfall erosivity are then compared with the traditional RKEKE-I estimates derived from a widely used empirical KE-I relation.,Sec4:Modelling,,,Tier3-DataOnly,llama-3.1-8b-instant,Key2,2023.0,,Remote Sensing,Daily,Global,,GPM,,,,,Sec4: Modelling,,,,,,,,
Das et al. - 2024 - GloRESatE A dataset for global rainfall erosivity derived from multi-source data.pdf,Das et al.2024,Scientific Data,10.1038/s41597-024-03756-5,Scopus,Global,Global,,,6200,,Sub-hourly,,"GloREDa,CMORPH,IMERG,ERA5-Land",EI30,A machine learning-based Gaussian Process Regression (GPR) model was used to assimilate multi-source rainfall erosivity estimates alongside geoclimatic covariates to prepare a unified high-resolution mean annual rainfall erosivity product.,ML,Cross-validation with gauge records and inter-comparison with existing global rainfall erosivity datasets,,40.0,,,,Historical,,,,,,,,,,,,Low,"GPM,TRMM,CHIRPS,ERA5",The proposed rainfall erosivity product performs well during cross-validation with gauge records and inter-comparison with existing global rainfall erosivity datasets.,Sec4:Modelling,"SDG15.3,IPCC AR6,UNCCD",5.0,Tier1-Full,llama-3.1-8b-instant,Key3,2024.0,,Machine Learning,Sub-hourly,Global,Low,GPM,,5.0,,,Sec4: Modelling,,,,,,,,
Das et al. - 2025 - Identifying monthly rainfall erosivity patterns using hourly rainfall data across India.pdf,Das et al.2025,Scientific Reports,10.1038/s41598-025-11992-x,Scopus,India,National,22.3197,79.8566,261,1969-2021,Hourly,52,"GloREDa,CHIRPS,GPM",EI30,"This study presents a comprehensive analysis of the spatial patterns and monthly distribution of rainfall erosivity across India, using data from 261 hourly and 2,525 monthly rainfall stations covering the period from 1969 to 2021.",Statistical,,Increasing,+12.4%,,p<0.01,,Historical,,,,,,1981-2010,,,,,,Low,GPM,"This study provides valuable insights into erosive rainfall characteristics, enhances rain-driven erosion assessment, and supports the development of timely and location-specific soil conservation strategies across India.",Sec4:Modelling,"SDG15.3,IPCC AR6,UNCCD",5.0,Tier1-Full,llama-3.1-8b-instant,Key1,2025.0,Increasing,Statistical,Hourly,South/SE Asia,Low,GPM,Significant (p<0.01),5.0,22.3197,79.8566,Sec4: Modelling,,,,,,,,
Deal et al. - 2018 - Understanding the role of rainfall and hydrology in determining fluvial erosion efficiency.pdf,Deal et al.2018,Journal of Geophysical Research: Earth Surface,10.1002/2017JF004393,WoS,Global,Global,,,,1980-2020,Daily,38,"GloREDa,CHIRPS,GPM",Erosivity Density,"Integration of hydrology into a stream power model yields new insight into climatic controls on fluvial erosion efficiency. The nonlinearity between the steepness index and erosion rate is controlled by erosion thresholds, hydroclimatic conditions, and channel hydraulics.",Process-based,,,,,,,Historical,,,,,,1981-2010,No downscaling,,,,,,Multiple satellite,Hydrology influences how erosive a particular climate forcing will be.,Sec4:Modelling,"SDG15.3,IPCC AR6,UNCCD",5.0,Tier1-Full,llama-3.1-8b-instant,Key2,2018.0,,Process-Based,Daily,Global,,,,5.0,,,Sec4: Modelling,,,,,,,,
"Di Lena et al. - 2021 - Analysis of rainfall erosivity trends 1980–2018 in a complex terrain region (Abruzzo, central Italy).pdf",Di Lena et al.2021,Atmosphere,10.3390/atmos12060657,GScholar,Central Italy,Regional,42.0,13.5,34,1980-2018,Monthly,39,Rain gauges and gridded datasets,MFI,"We calculated the MFI index for 34 stations in the Abruzzo region (central Italy) during 1980–2018, based on both gauge (point) and grid datasets.",Statistical,"Using 30-min rainfall data of 14 stations, we verified that MFI and PCI are reliable predictors of R (R2 = 0.91, RMSE = 163.6 MJ mm ha−1 h−1 year−1).",Mixed,,,,,Historical,,,,,,1981-2010,,Data scarcity,Data scarcity,,,,No-ground only,"The grid data show significant MFI positive trends in 74% of the stations, while the point data display significant positive trends in only 26% of stations and significant negative trends in four stations in the inland areas.",Sec3:Observed,"SDG15.3,IPCC AR6,UNCCD",3.0,Tier3-DataOnly,llama-3.1-8b-instant,Key3,2021.0,Mixed,Statistical,Monthly,Europe,,Ground Only,,3.0,42.0,13.5,Sec3: Observed Trends,,,,,,,,
Dinh et al. - 2021 - Predicting rainfall-induced soil erosion based on a hybridization of adaptive differential evolution.pdf,Dinh et al.2021,Mathematical Problems in Engineering,10.1155/2021/6647829,WoS,Northwest Vietnam,Local,,,236,,,,,,"The proposed method, named L-SHADE-PWI-SVM, is an integration of machine learning and metaheuristic optimization.",ML,,,,,,,,,,,,,,,,,,,,,The newly developed L-SHADE-PWI-SVM method is a competitive soil erosion predictor with superior performance statistics.,Sec4:Modelling,,,Tier1-Full,llama-3.1-8b-instant,Key1,2021.0,,Machine Learning,,South/SE Asia,,,,,,,Sec4: Modelling,,,,,,,,
Diodato and Bellocchi - 2012 - Decadal modelling of rainfall–runoff erosivity in the Euro-Mediterranean region using extreme precip.pdf,Diodato N. et al.2012,Global and Planetary Change,10.1016/j.gloplacha.2012.02.002,WoS,Euro-Mediterranean,Regional,45.0,15.0,111,1961-1990,Daily,30,DREMM,EI30,The Decadal Rainfall Erosive Multiscale Model (DREMM) uses extreme precipitation data (95th percentile) to estimate decadal-scale rainfall–runoff erosivity values compatible with the Universal Soil Loss Equation and its revision — (R)USLE.,Process-based,,,,,,,Historical,,,,,,1961-1990,,,,,,Low,No-ground only,The DREMM model is a transferable approach for assessing the spatial impact of rainfall extremes and characterizing the long-term dynamics of rainfall–runoff erosivity.,Sec4:Modelling,,3.0,Tier3-DataOnly,llama-3.1-8b-instant,Key2,2012.0,,Process-Based,Daily,Europe,Low,Ground Only,,3.0,45.0,15.0,Sec4: Modelling,,,,,,,,
Diodato et al. - 2020 - Historical predictability of rainfall erosivity a reconstruction for monitoring extremes over North.pdf,Diodato et al.2020,npj Climate and Atmospheric Science,10.1038/s41612-020-00144-9,Scopus,Northern Italy,Regional,45.0,12.0,1,1500-2019,Annual,420,Revised Universal Soil Loss Erosion-based data,Erosivity Density,A model consistent with a sample of detailed Revised Universal Soil Loss Erosion-based data was developed to generate the annual erosivity time-series.,Process-based,,Increasing,+,,,"Increased occurrence of short-term, cyclone-related, extreme rainfall events",Historical,,,,,,1981-2010,,,,,,,,"The modelled data show a noticeable descending trend in rainfall erosivity together with a limited inter-annual variability until ~1708, followed by a slowly increasing erosivity trend.",Sec4:Modelling,,,Tier3-DataOnly,llama-3.1-8b-instant,Key3,2020.0,Increasing,Process-Based,Annual,Europe,,,,,45.0,12.0,Sec4: Modelling,,,,,,,,
Dunkerley - 2019 - Rainfall intensity bursts and the erosion of soils an analysis highlighting the need for high tempo.pdf,Dunkerley DL2019,Earth Surf. Dynam.,https://doi.org/10.5194/esurf-7-345-2019,WoS,Global,Global,,,2,,1 s,,Australian pluviograph records,,The nature of short-lived “intensity bursts” is analysed from the raw inter-tip times of the tipping bucket gauges.,Observation,,,,,,,Historical,,,,,,,,,,,,,,"The aggregation of rainfall data to hourly level conceals the occurrence of many of these short-intensity bursts, which are potentially highly erosive.",Sec2:Theory,,,Tier3-DataOnly,llama-3.1-8b-instant,Key1,2019.0,,Observational,Sub-hourly,Global,,,,,,,Sec2: Theory,,,,,,,,
Duulatov et al. - 2019 - Projected rainfall erosivity over Central Asia based on CMIP5 climate models.pdf,Duulatov et al.2019,Water,10.3390/w11050897,GScholar,Central Asia,Regional,40.0,75.0,4,1980-2020,Daily,40,GCMs,EI30,"The GCMs (BCCCSM1-1, IPSLCM5BLR, MIROC5, and MPIESMLR) were statistically downscaled using the delta method under Representative Concentration Pathways (RCPs) 2.6 and 8.5 for two time periods: “Near” and “Far” future (2030s and 2070s).",Statistical,,Increasing,+5.6%,424.49 MJ mm ha−1 h−1 year−1,p<0.01,Higher rainfall amounts,RCP2.6 and RCP8.5,2030s and 2070s,5.6%,9.6%,"BCCCSM1-1, IPSLCM5BLR, MIROC5, and MPIESMLR",CMIP5,1981-2010,Delta method,,,,,,,The results show an increase in the future periods of the annual rainfall erosivity compared to the baseline.,Sec4:Modelling,,,Tier1-Full,llama-3.1-8b-instant,Key2,2019.0,Increasing,Statistical,Daily,South/SE Asia,,,Significant (p<0.01),,40.0,75.0,Sec4: Modelling,,,,,,,,
"Esmali Ouri et al. - 2020 - Soil erosion susceptibility mapping in Kozetopraghi catchment, Iran A mixed approach using rainfall.pdf",Esmali Ouri et al.2020,Land,10.3390/land9100368,GScholar,Iran,Local,37.0,48.0,174,2020,Mixed,1,Rainfall simulator,Other,"This study presents Support Vector Machine (SVM), Random Forest (RF), and adaptive boosting (AdaBoost) data mining models to map soil erosion susceptibility in Kozetopraghi watershed, Iran.",Statistical,Jackknife and IncNodePurity methods,,,,,,Historical,,,,,,,,,,,,Low,No-ground only,The RF susceptibility map showed that the areas located in the center and near the watershed outlet have the most susceptibility to soil erosion.,Sec3:Observed,,3.0,Tier3-DataOnly,llama-3.1-8b-instant,Key3,2020.0,,Statistical,Mixed/Event,Middle East/C. Asia,Low,Ground Only,,3.0,37.0,48.0,Sec3: Observed Trends,,,,,,,,
Essel et al. - 2016 - Rainfall erosivity index for the Ghana Atomic Energy Commission site.pdf,Essel et al.2016,SpringerPlus,10.1186/s40064-016-2100-1,WoS,Global,National,5.55,-0.20,1,2003-2012,Monthly,10,GloREDa,MFI,The Modified Fournier index was used to estimate the rainfall erosivity index for the Ghana Atomic Energy Commission site.,Statistical,Pearson’s Coefficient of Correlation,No trend,,,,,Historical,,,,,,1981-2010,,Data scarcity,Data scarcity,,,Low,No-ground only,The computed mean annual erosivity index revealed that the site is in the high erosion risk zone.,Sec3:Observed,,3.0,Tier3-DataOnly,llama-3.1-8b-instant,Key1,2016.0,No Trend,Statistical,Monthly,Global,Low,Ground Only,,3.0,5.55,-0.2,Sec3: Observed Trends,,,,,,,,
Ezemonye and Emeribe - 2012 - Rainfall Erosivity in Southeastern Nigeria.pdf,Ezemonye et al.2012,Ethiopian Journal of Environmental Studies and Management,http://dx.doi.org/10.4314/ejesm.v5i2.1,RefList,South East Nigeria,Regional,4.1667,7,1,2011-2012,,2,,Erosivity Density,The study established that rainfall erosivity (R) indices over Southeastern Nigeria range from very low to very high erosivity.,Statistical,,,,,,,Historical,,,,,,,,,,,,,,The study established that rainfall erosivity (R) indices over Southeastern Nigeria range from very low to very high erosivity.,Sec3:Observed,,,Tier4-Citation,llama-3.1-8b-instant,Key2,2012.0,,Statistical,,Africa,,,,,4.1667,7.0,Sec3: Observed Trends,,,,,,,,
Farokhzadeh et al. - 2022 - Future rainfall erosivity over Iran based on CMIP5 climate models.pdf,Farokhzadeh et al.2022,Water,10.3390/w14233861,GScholar,Iran,National,34.0,46.0,30,2046-2065,Daily,15,CMIP5,RUSLE,The CMIP5 series models under two scenarios RCP2.6 and RCP8.5 were used to predict precipitation and the R-factor using the Revised Universal Soil Loss Equation (RUSLE) model.,Process-based,,Increasing,+12.4%,,,Climate change,RCP2.6 and RCP8.5,Mid-century,,,CMIP5,CMIP5,,,,,,,Low,No-ground only,"Iran’s climate in the future would face increasing rainfall, specially in west and decreasing rainfall in the central and northern parts.",Sec4:Modelling,,,Tier3-DataOnly,llama-3.1-8b-instant,Key3,2022.0,Increasing,Process-Based,Daily,Middle East/C. Asia,Low,Ground Only,,,34.0,46.0,Sec4: Modelling,+46.5 to +159%,+46.5 to +159% (RCP2.6),"2050, 2090",19862016,4 CMIP5 models,"RCP 2.6, 8.5",HIGH,Abstract
"Feng et al. - 2023 - Detection framework of abrupt changes and trends in rainfall erosivity in Three Gorges Reservoir, Ch.pdf",Feng et al.2023,Sustainability,10.3390/su15032062,GScholar,China,Local,29.58,115.02,1,1980-2020,Annual,1,GloREDa,EI30,A detection framework is introduced to identify temporal changes in rainfall erosivity time series.,Statistical,Hurst coefficient,No trend,,,p<0.01,,Historical,,,,,,1981-2010,,Model structural,Model structural,,No,Low,No-ground only,The proposed framework can effectively reduce uncertainty.,Sec4:Modelling,,3.0,Tier3-DataOnly,llama-3.1-8b-instant,Key1,2023.0,No Trend,Statistical,Annual,China,Low,Ground Only,Significant (p<0.01),3.0,29.58,115.02,Sec4: Modelling,,,,,,,,
Fenta et al. - 2024 - An integrated modeling approach for estimating monthly global rainfall erosivity.pdf,Fenta et al.2024,Scientific Reports,10.1038/s41598-024-59019-1,GScholar,Global,Global,,,3286,2001-2020,Monthly,20,"IMERG, GloREDa",Erosivity Density,An integrated modeling approach for estimating monthly global rainfall erosivity.,Process-based,,,60.0,,,,,,,,,,,,,,,,,"GPM, TRMM, CHIRPS, ERA5",Monthly rainfall erosivity maps can be used for improving spatiotemporal modeling of soil erosion and planning of soil conservation measures.,Sec4:Modelling,"SDG15.3, IPCC AR6, UNCCD",5.0,Tier1-Full,llama-3.1-8b-instant,Key2,2024.0,,Process-Based,Monthly,Global,,GPM,,5.0,,,Sec4: Modelling,,,,,,,,
Fernández et al. - 2020 - Analysis of the evolution of gully erosion in Olive groves using photogrammetry techniques. Relation.pdf,Fernández et al.2020,"ISPRS Annals of the Photogrammetry, Remote Sensing and Spatial Information Sciences",https://doi.org/10.5194/isprs-annals-VI-3-W1-2020-19-2020,GScholar,Global,Local,37.9,-3.8,1,1980-2020,Mixed,40,"GloREDa,CHIRPS,GPM",Other,"Photogrammetry techniques were used to analyze the evolution of gully erosion in olive groves. Eight historical aerial flights from 1980 to 2016, a LiDAR dataset (2014) and 2 recent UAS surveys (2019-2020) were used and processed in a common reference system with the support of field GNSS ground control points.",Remote Sensing,,,,,,,Historical,,,,,,1981-2010,,,,,,,GPM,The evolution of the gully area for 40 years has been analyzed in relation to the rainfall regime that has been established from the daily rainfall data.,Sec4:Modelling,,3.0,Tier2-Selective,llama-3.1-8b-instant,Key3,2020.0,,Remote Sensing,Mixed/Event,Global,,GPM,,3.0,37.9,-3.8,Sec4: Modelling,,,,,,,,
Ferrier et al. - 2013 - Covariation of climate and long-term erosion rates across a steep rainfall gradient on the Hawaiian.pdf,Ferrier et al.2013,Geological Society of America Bulletin,10.1130/B30726.1,Scopus,Hawaiian island of Kaua'i,Local,22,-159.5,1,2004-2009,Daily,5,"GloREDa,CHIRPS,GPM",Erosivity Density,"New measurements of erosion rates over 5-year to 5-million-year timescales on the Hawaiian island of Kaua‘i, across which mean annual precipitation ranges from 0.5 to 9.5 m/yr.",Process-based,Mapping of landslide scars in satellite imagery of the Hanalei basin from 2004 and 2010,No trend,,,,,Historical,,,,,,1981-2010,,Data scarcity,Data scarcity,,,Low,GPM,Modern erosion rates in the Hanalei basin are no more than 2.3 ± 0.6 times faster than millennial-scale erosion rates.,Sec3:Observed,,3.0,Tier3-DataOnly,llama-3.1-8b-instant,Key1,2013.0,No Trend,Process-Based,Daily,Other/Regional,Low,GPM,,3.0,22.0,-159.5,Sec3: Observed Trends,,,,,,,,
G.-H. Zhang et al. - 2005 - Potential effects of climate change on rainfall erosivity in the Yellow River basin of China.pdf,Zhang et al.2005,Transactions of the ASAE,,RefList,Yellow River basin of China,Regional,,,,1980-2020,,,,EI30,"Two different rainfall scenarios were generated with the HadCM3 general circulation model for the years 2006 to 2035, 2036 to 2065, and 2066 to 2095.",Process-based,,Increasing,+12.4%,,p<0.01,,Historical,,,,HadCM3,,,,,,,,,,The expected increases in precipitation require that more attention will be given to soil and water conservation practices such as vegetation rehabilitation and check-dam construction.,Sec4:Modelling,"SDG15.3,IPCC AR6,UNCCD",,Tier1-Full,llama-3.1-8b-instant,Key2,2005.0,Increasing,Process-Based,,China,,,Significant (p<0.01),,,,Sec4: Modelling,,,,,,,,
"Gafforov et al. - 2020 - The assessment of climate change on rainfall-runoff erosivity in the Chirchik–Akhangaran Basin, Uzbe.pdf",Gaﬀorov et al.2020,Sustainability,10.3390/su12083369,GScholar,Global,Regional,,,10,1990-2016,Daily,27,GCMs,EI30,"The rainfall erosivity (R) of Universal Soil Loss Equation under the global circulation model (GCM) scenarios was statistically downscaled by using the delta method in Representative Concentration Pathways (RCPs) 4.5 and 8.5 during the periods of the 2030s, 2050s and 2070s.",Statistical,Ten weather station observational data points,Increasing,+11.8%,,p<0.01,Precipitation,RCP4.5 and RCP8.5,"2030s, 2050s and 2070s",,,ACCESS1–3 and CanESM2,,,Delta method,,,,,Low,,"This study is a useful reference for improving soil conservation, preventing water erosion and ensuring the future sustainability of agricultural products, as well as improving the operational management and planning of agriculture.",Sec4:Modelling,"SDG15.3, IPCC AR6, UNCCD",,Tier1-Full,llama-3.1-8b-instant,Key3,2020.0,Increasing,Statistical,Daily,Global,Low,,Significant (p<0.01),,,,Sec4: Modelling,,,,,,,,
Grismer - 2012 - Standards vary in studies using rainfall simulators to evaluate erosion.pdf,Grismer et al.2012,California Agriculture,10.3733/ca.v066n03p102,RefList,California,Local,37.7749,-122.4194,1,2000-2012,Daily,12,UC Davis,,Rainfall simulators are used to measure erosion and the loading of sediments into streams.,Observation,,,,,,,Historical,,,,,,,,,,,,Low,,Rainfall simulators are used to measure erosion and the loading of sediments into streams.,Sec3:Observed,,3.0,Tier3-DataOnly,llama-3.1-8b-instant,Key1,2012.0,,Observational,Daily,Other/Regional,Low,,,3.0,37.7749,-122.4194,Sec3: Observed Trends,,,,,,,,
Hamanaka et al. - 2019 - Experimental study on soil erosion under different soil composition using rainfall simulator.pdf,Hamanaka et al.2019,Plant Soil Environ.,10.17221/68/2019-PSE,GScholar,Global,Local,,,,,,,,,Experimental study on soil erosion under different soil composition using rainfall simulator.,Observation,,,,,p<0.05,,,,,,,,,,,,,,,,Soil erosion can be minimized by selecting prevention method considering the type of soil because the prevention effect on soil erosion is different depending on the type of soil.,Sec4:Modelling,,,Tier3-DataOnly,llama-3.1-8b-instant,Key2,2019.0,,Observational,,Global,,,,,,,Sec4: Modelling,,,,,,,,
Hamzeh et al. - 2022 - Effect of acidic rainfalls on soil erosion in gypsum formation.pdf,Saeediyan et al.2022,International Journal of Water Resources and Environmental Engineering,10.5897/IJWREE2020.0971,RefList,Global,Local,,,,1980-2020,,,,,"Using a rain simulator can solve the difficulty of measuring runoff and sediment under rainfall, natural condition is time-consuming and expensive.",Observation,,,,,,,,,,,,,,,,,,,,,"Soil chemical properties had the most important role in runoff production in precipitation with distilled water, soil physical properties had the most important role in sediment production in precipitation with distilled water; however, in acidic rainfall, soil chemical properties had the most important role.",Sec3:Observed,,,,llama-3.1-8b-instant,Key3,2022.0,,Observational,,Global,,,,,,,Sec3: Observed Trends,,,,,,,,
Hanel et al. - 2016 - The rainfall erosivity factor in the Czech Republic and its uncertainty.pdf,Hanel et al.2016,Hydrol. Earth Syst. Sci.,10.5194/hess-20-4307-2016,Scopus,Czech Republic,National,50.0755,14.4378,96,,Sub-hourly,15,,R factor,"Spatial interpolation methods, including inverse distance weighting, standard, ordinary, and regression kriging, and a generalized least-squares (GLS) model, were applied and cross-validated.",Statistical,Cross-validation,,40.0,,,,,,,,,,,,"Spatial interpolation, record length, and spatial coverage","Model structural, Data scarcity",,,Medium,,"The average R factor for the area of the Czech Republic is 640 MJ ha−1 mm h−1, and reasonable estimates of the R factor can be obtained even from relatively short records (15–20 years), provided sufficient spatial coverage and covariates are available.",Sec3:Observed,,4.0,Tier1-Full,llama-3.3-70b-versatile,Key1,2016.0,,Statistical,Sub-hourly,Europe,Medium,,,4.0,50.0755,14.4378,Sec3: Observed Trends,,,,,,,,
Hastings et al. - 2005 - Spatial variability in rainfall erosivity versus rainfall depth Implications for sediment yield.pdf,Hastings et al.2005,Vadose Zone Journal,,Scopus,Southwestern United States,Local,35.88,-106.28,12,2004,Sub-hourly,1,Tipping-bucket rain gauges,EI30,We used 12 tipping-bucket rain gauges within a 40-ha pin˜on-juniper woodland in New Mexico to measure rainfall erosivity and associated precipitation and erosion metrics for 14 convective thunderstorms.,Observation,,,93.0,,,,,,,,,,,,,,,No,Low,No-ground only,Spatial variability in rainfall erosivity had a median CV across storms of 22% and was better correlated with sediment yield than rainfall depth.,Sec3:Observed,,4.0,Tier1-Full,llama-3.3-70b-versatile,Key2,2005.0,,Observational,Sub-hourly,North America,Low,Ground Only,,4.0,35.88,-106.28,Sec3: Observed Trends,,,,,,,,
Hänsel et al. - 2016 - Feasibility of high-resolution soil erosion measurements by means of rainfall simulations and SfM ph.pdf,Hänsel et al.2016,Hydrology,10.3390/hydrology3040038,Scopus,Europe,Local,51.0,13.0,3,2016,Sub-hourly,1,Rainfall simulations,Other,Rainfall simulations and SfM photogrammetry were used to measure soil erosion. SfM photogrammetry was used to reconstruct soil surface changes due to soil erosion.,Observation,Comparison with rainfall simulation measurements,,,,,,,,,,,,,,,,,,Low,No-ground only,SfM photogrammetry can be used to measure soil erosion with high accuracy. The method can overcome the limitations of rainfall simulators and provide detailed information on soil surface changes.,Sec3:Observed,,4.0,Tier1-Full,llama-3.3-70b-versatile,Key3,2016.0,,Observational,Sub-hourly,Europe,Low,Ground Only,,4.0,51.0,13.0,Sec3: Observed Trends,,,,,,,,
"He et al. - 2022 - Effects of land use change on rainfall erosion in Luojiang River Basin, China.pdf",He et al.2022,Sustainability,10.3390/su14148441,Scopus,China,Sub-national,30.975,112.575,,1980-2019,Daily,39,,EI30,"The study used a daily rainfall erosivity model, ArcGIS, trend analysis, and Kriging interpolation method to analyze the spatial and temporal distribution characteristics of rainfall erosivity in the Luojiang River Basin of China.",Statistical,,Increasing,,,,Land use change,,,,,,,,,,,,,,,"The study found an overall increasing trend in rainfall erosivity in the Luojiang River Basin from 1980 to 2019, and land use change was identified as an important factor affecting the spatial and temporal distribution of rainfall erosivity.",Sec3:Observed,,4.0,Tier2-Selective,llama-3.3-70b-versatile,Key1,2022.0,Increasing,Statistical,Daily,China,,,,4.0,30.975,112.575,Sec3: Observed Trends,,,,,,,,
Hernando and Romana - 2015 - Estimating the rainfall erosivity factor from monthly precipitation data in the Madrid Region (Spain.pdf,Hernando and Romana 2015,J. Hydrol. Hydromech.,10.1515/johh-2015-0003,Scopus,Madrid Region (Spain),Local,40.4168,-3.7038,16,1950-1985,Monthly,35,Rain gauge stations,R-factor,"The study used five estimators based on monthly precipitation data to estimate the rainfall erosivity factor, including total annual rainfall, Fournier index, modified Fournier index, precipitation concentration index, and a regression equation provided by the Spanish Nature Conservation Institute.",Statistical,Validation was performed using 8 additional stations,,,,,,,,,,,,,,,,,,High,,"The modified Fournier index was found to be the best estimator of the rainfall erosivity factor, and a record length of 5 years was sufficient for precise and accurate estimates.",Sec3:Observed,,4.0,Tier2-Selective,llama-3.3-70b-versatile,Key2,2015.0,,Statistical,Monthly,Europe,High,,,4.0,40.4168,-3.7038,Sec3: Observed Trends,,,,,,,,
Hofbauer et al. - 2023 - Preferential erosion of soil organic carbon and fine-grained soil particles—an analysis of 82 rainfa.pdf,Hofbauer et al.2023,Agronomy,10.3390/agronomy13010217,Scopus,Czech Republic,Local,50.0755,14.4378,82,,Sub-hourly,,Rainfall simulations,Other,The study used rainfall simulations to analyze the preferential erosion of soil organic carbon and fine-grained soil particles. Regression analyses were used to determine the relationship between soil loss and SOC enrichment.,Observation,,,,,p<0.001,,,,,,,,,,,,,,Low,,"The study found that SOC mitigated soil loss in the first rainfall period on sites with <14% slope inclination, while soil loss was driven by preferential erosion of fine-grained particles on sites with >14% slope inclination.",Sec3:Observed,,4.0,Tier1-Full,llama-3.3-70b-versatile,Key3,2023.0,,Observational,Sub-hourly,Europe,Low,,,4.0,50.0755,14.4378,Sec3: Observed Trends,,,,,,,,
"Iorkua and Oche - 2013 - Effects of rainfall intensity and slope angle on splash erosion in makurdi, Benue state.pdf",Iorkua et al.2012,Global Journal of Pure and Applied Sciences,http://dx.doi.org/10.4314/gjpas.v18i3-4.6,RefList,Nigeria,Local,7.7,8.5,1,2007,Daily,1,"Experimental station in Benue State University, Makurdi",Erosivity Density,"Data were collected on rainfall amount and duration in an experimental station in Benue State University, Makurdi for a period of one rainy season in 2007. Sediment collectors attached to soil trays placed at angles 5, 15, 25 and 35 degrees were used to collect the amount of splash at the end of every rain day.",Observation,Statistical analysis,,30.0,,,,Historical,,,,,,,,Data scarcity,Data scarcity,,,High,No-ground only,Slope has a significant effect on the downslope and upslope components of the splash.,Sec2:Theory,,3.0,Tier3-DataOnly,llama-3.1-8b-instant,Key1,2012.0,,Observational,Daily,Africa,High,Ground Only,,3.0,7.7,8.5,Sec2: Theory,,,,,,,,
"Isikwue et al. - 2014 - Evaluation of rainfall erosivity index for Abuja, Nigeria using Lombardi method.pdf",Isikwue et al.2023,,,,Abuja,Local,,,12,2001-2012,Daily,12,Nigerian Meteorological Agency (NIME),EI30,The rainfall erosivity index was evaluated using the Lombardi method.,Statistical,,,,,,,Historical,,,,,,,,,,,,,,The rainfall erosivity index was evaluated using the Lombardi method.,Sec3:Observed,,,Tier3-DataOnly,llama-3.1-8b-instant,Key2,2023.0,,Statistical,Daily,Other/Regional,,,,,,,Sec3: Observed Trends,,,,,,,,
Janapati et al. - 2019 - An assessment of tropical cyclones rainfall erosivity for Taiwan.pdf,Janapati et al.2019,Scientific Reports,10.1038/s41598-019-52028-5,Scopus,Taiwan,National,23.5,120.5,60,1958-2017,Hourly,60,"GloREDa,CHIRPS,GPM",EI30,"Using 15-years of raindrop size distributions (RSD) and 60-years of hourly rain gauges data, we estimated cyclones (also called typhoons) rainfall erosivity over Taiwan.",Statistical,,Increasing,+12.4%,,p<0.01,,Historical,,,,,,1981-2010,,,,,,Low,GPM,Our results provide an insight in assessing the land use and agricultural management for Taiwan.,Sec3:Observed,"SDG15.3,IPCC AR6,UNCCD",4.0,Tier1-Full,llama-3.1-8b-instant,Key3,2019.0,Increasing,Statistical,Hourly,Other/Regional,Low,GPM,Significant (p<0.01),4.0,23.5,120.5,Sec3: Observed Trends,,,,,,,,
Janeček et al. - 2013 - Values of rainfall erosivity factor for the Czech Republic.pdf,Janeček et al.2013,J. Hydrol. Hydromech.,10.2478/johh-2013-0013,WoS,Czech Republic,National,49.85,14.42,29,1980-2020,Monthly,40,CHMI,R-Factor,The rainfall erosivity factor R was calculated using the Universal Soil Loss Equation (USLE) for calculating long-term loss of soil due to erosion.,Statistical,,,,,,,Historical,,,,,,1981-2010,,,,,,Low,No-ground only,The R-Factor for the Czech Republic is recommended to be used as an average value of 40 MJ ha–1 cm h–1.,Sec2:Theory,,3.0,Tier3-DataOnly,llama-3.1-8b-instant,Key1,2013.0,,Statistical,Monthly,Europe,Low,Ground Only,,3.0,49.85,14.42,Sec2: Theory,,,,,,,,
Jiang et al. - 2022 - Influence of reservoir impoundment on rainfall erosivity in the Three Gorges Reservoir region of Chi.pdf,Jianga et al.2022,Hydrology Research,10.2166/nh.2022.038,WoS,China,Regional,29.58,105.37,1,1980-2020,Daily,41,"GloREDa,CHIRPS,GPM",EI30,"Daily erosive precipitation, from 1980 to 2020, was categorized into four intensity levels (light, moderate, heavy, and very heavy), as well as extreme rainfall, to understand their contribution to erosivity.",Statistical,Mann–Kendall test,Decreasing,-24.3%,,p < 0.05,Reservoir impoundment,Historical,,,,,,1981-2010,,,,,,Low,GPM,"Heavy rainfall (including extreme rainfall) was reduced, and annual precipitation and erosivity both had a more even seasonal distribution following reservoir impoundment.",Sec3:Observed,"SDG15.3,IPCC AR6,UNCCD",4.0,Tier2-Selective,llama-3.1-8b-instant,Key2,2022.0,Decreasing,Statistical,Daily,China,Low,GPM,Significant (p<0.05),4.0,29.58,105.37,Sec3: Observed Trends,,,,,,,,
Johannsen et al. - 2020 - Impact of disdrometer types on rainfall erosivity estimation.pdf,Johannsen et al.2020,Water,10.3390/w12040963,GScholar,Global,Global,,,,1980-2020,30-minute,,disdrometer measurements,KE-I relationship,The study investigated how the development of KE-I relationships and rainfall erosivity estimation is affected by the use of different disdrometer types.,Statistical,,,,,,,,,,,,,,,,,,,,,The use of different disdrometer types affects the development of KE-I relationships and rainfall erosivity estimation.,Sec3:Observed,,,,llama-3.1-8b-instant,Key3,2020.0,,Statistical,Sub-hourly,Global,,,,,,,Sec3: Observed Trends,,,,,,,,
Joussain et al. - 2017 - Link between Indian monsoon rainfall and physical erosion in the Himalayan system during the Holocen.pdf,Joussain et al.2017,Geochem. Geophys. Geosyst.,10.1002/2016GC006762,Scopus,Global,Continental,,,,Holocene,Mixed,9.8,"GloREDa,CHIRPS,GPM",Other,"Mineralogical and geochemical analyses conducted on cores located on the active channel-levee system of the northern Bengal Fan are used to establish changes in the weathering pattern and the sediment transport of the Himalayan system, and evaluate the effect of Indian summer monsoon rainfall during the Holocene.",Observation,,,,,,,Historical,,,,,,1981-2010,,,,,,,,The comparison of mineralogical and geochemical data with previous reconstructions of the Indian monsoon dynamic indicates a rapid response of erosion and sediment transfer of the G-B river system to changes of monsoon rainfall intensity.,Sec3:Observed,"SDG15.3,IPCC AR6,UNCCD",,Tier4-Citation,llama-3.1-8b-instant,Key1,2017.0,,Observational,Mixed/Event,Global,,,,,,,Sec3: Observed Trends,,,,,,,,
Juez et al. - 2018 - Application of a distributed 2D overland flow model for rainfallrunoff and erosion simulation in a.pdf,Juez et al.2018,Cuadernos de Investigación Geográfica,http://doi.org/10.18172/cig.3320,RefList,Mediterranean,Local,,,,,,,,,A Simplified Catchment Model (SCM) is introduced as a first approach to accelerate the calibration process of the infiltration and erosion parameters.,Statistical,,,,,p<0.001,,,,,,,,,,,,,,,,The modeling effort presented opens its application to the analysis of the hydro-sedimentary processes at larger temporal and spatial scales.,Sec4:Modelling,,,Tier3-DataOnly,llama-3.1-8b-instant,Key2,2018.0,,Statistical,,Europe,,,,,,,Sec4: Modelling,,,,,,,,
Kavka et al. - 2018 - Double size FullJet field rainfall simulator for complex interrill and rill erosion studies.pdf,Kavka et al.2018,The Civil Engineering Journal,10.14311/CEJ.2018.02.0015,RefList,Global,Local,,,1,,,,,,The authors introduced a complex methodology using a mobile rainfall simulator developed at the Czech Technical University in Prague.,Observation,,,,,,,,,,,,,,,,,,,,,The authors introduced a complex methodology using a mobile rainfall simulator developed at the Czech Technical University in Prague.,Sec3:Observed,,,Tier3-DataOnly,llama-3.1-8b-instant,Key3,2018.0,,Observational,,Global,,,,,,,Sec3: Observed Trends,,,,,,,,
Knight and Abd Elbasit - 2024 - Spatial and temporal patterns of rainfall erosivity in southern Africa in extreme wet and dry years.pdf,Knight et al.2024,Atmosphere,10.3390/atmos15111283,GScholar,Southern Africa,Regional,-25.73,28.05,,2000-2023,Mixed,24,"GloREDa,CHIRPS,GPM",MFI,A gridded raster spatial modelling approach was used to examine spatial and temporal variations in soil erosivity across southern Africa.,Process-based,,,10.0,,,,Historical,,,,,,,,,,,,,,The results show that there are significant differences in erosivity between the different climate regions based on rainfall seasonality and also their distinctive environmental settings.,Sec4:Modelling,,,Tier3-DataOnly,llama-3.1-8b-instant,Key1,2024.0,,Process-Based,Mixed/Event,Africa,,,,,-25.73,28.05,Sec4: Modelling,,,,,,,,
Koch et al. - 2024 - A review of the characteristics of rainfall simulators in soil erosion research studies.pdf,Koch et al.2024,MethodsX,10.1016/j.mex.2023.102506,WoS,Global,Global,,,,,,,,,This review aims to outline the characteristics and the corresponding measurement methods for rainfall simulators in soil erosion research.,Review,,,,,,,,,,,,,,,,,,,,,"By adhering to these characteristics, researchers can ensure the reliability and accuracy of their findings.",Sec4:Modelling,,,,llama-3.1-8b-instant,Key2,2024.0,,Review,,Global,,,,,,,Sec4: Modelling,,,,,,,,
Laceby et al. - 2016 - Rainfall erosivity in catchments contaminated with fallout from the Fukushima Daiichi nuclear power.pdf,Laceby et al.2016,Hydrol. Earth Syst. Sci.,10.5194/hess-20-2467-2016,Scopus,Fukushima region,Regional,36.43,140.53,42,1977-2015,Daily,39,"GloREDa,CHIRPS,GPM",Erosivity Density,Monthly rainfall erosivity maps were developed to depict the spatial heterogeneity of rainfall erosivity for catchments entirely contained within a 100 km radius of the FDNPP.,Statistical,,,40.0,,,,Historical,,,,,,1981-2010,No downscaling,,,,,,GPM,Understanding the impact of tropical cyclones will be important for managing sediment and sediment-bound contaminant transfers in regions impacted by these events.,Sec3:Observed,,,Tier3-DataOnly,llama-3.1-8b-instant,Key3,2016.0,,Statistical,Daily,Other/Regional,,GPM,,,36.43,140.53,Sec3: Observed Trends,,,,,,,,
Lamprea-Quiroga et al. - 2023 - Soil erosion due to rainfall and the impacts of climate change in an Andean highland in Colombia.pdf,Lamprea-Quiroga et al.2023,Cuadernos de Investigación Geográfica,10.18172/cig.5667,Scopus,South America,Regional,4.6,-74.0833,26,1980-2014,Daily,35,Daily records of 26 stations,MFI,"The daily records of 26 stations (35 years, from 1980 to 2014) were evaluated, using the Sen's statistic and the Mann-Kendall test with confidence levels higher than 90%",Statistical,Mann-Kendall test,Mixed,,,p<0.01,,Historical,,,,,,1981-2010,,Data scarcity,Data scarcity,,,High,No-ground only,The validation of MFIdmax2 to explain the degree of soil erosion is a new useful methodology for land use planning and monitoring.,Sec3:Observed,,,Tier3-DataOnly,llama-3.1-8b-instant,Key1,2023.0,Mixed,Statistical,Daily,Americas,High,Ground Only,Significant (p<0.01),,4.6,-74.0833,Sec3: Observed Trends,,,,,,,,
Lee and Hsu - 2021 - Estimation of the annual rainfall erosivity index based on hourly rainfall data in a tropical region.pdf,Lee et al.2021,Soil and Water Research,10.17221/25/2020-SWR,RefList,Tropical region,Local,22.6,120.4,51,2002-2017,Hourly,16,GPM,Erosivity Density,The annual mean rainfall erosivity (R) indicates the potential soil loss caused by the precipitation and runoff and is used to predict the soil loss from agricultural hillslopes.,Statistical,,,,,,,Historical,,,,,,1981-2010,,,,,,High,GPM,"The average conversion factors of the kinetic energy (1.04), rainfall erosivity (1.47), and annual mean rainfall erosivity (1.30) could be estimated based on the 10-min rainfall data.",Sec3:Observed,,3.0,Tier3-DataOnly,llama-3.1-8b-instant,Key2,2021.0,,Statistical,Hourly,Other/Regional,High,GPM,,3.0,22.6,120.4,Sec3: Observed Trends,,,,,,,,
Lee et al. - 2021 - Evaluation of rainfall erosivity factor estimation using machine and deep learning models.pdf,Lee et al.2021,Water,10.3390/w13030382,GScholar,Korea,National,37.6,127.7,50,1980-2020,Monthly,1,"GloREDa,CHIRPS,GPM",EI30,Machine learning models were developed to predict the R-factor using the monthly R-factors calculated at 50 sites in Korea as target values.,ML,Validation with 20% randomly selected data,,,,,,Historical,,,,,,1981-2010,,Model structural,Model structural,,No,Low,GPM,DNN can be efficiently used to estimate monthly R-factor at the desired site with much less effort and time.,Sec4:Modelling,,3.0,Tier3-DataOnly,llama-3.1-8b-instant,Key3,2021.0,,Machine Learning,Monthly,South/SE Asia,Low,GPM,,3.0,37.6,127.7,Sec4: Modelling,,,,,,,,
Lenz et al. - 2018 - Parameterization for EROSION-3D model under simulated rainfall conditions in lower shivaliks of Indi.pdf,Lenz et al.2018,Geosciences,10.3390/geosciences8110396,GScholar,South Asia,Local,31.0,76.0,4,1980-2020,Mixed,1,"GloREDa,CHIRPS,GPM",Other,"Four rainfall experiments, each including dry and wet run, were conducted on different land use conditions on a research farm of the Regional Research Station Ballowal Saunkhri to test estimation methods.",Process-based,,,,,,,Historical,,,,,,1981-2010,No downscaling,,,,,,No-ground only,Parameter estimation by two methods for experimental conditions produced values in close range to experimentally determined values for resistance to erosion and surface roughness.,Sec4:Modelling,,3.0,Tier3-DataOnly,llama-3.1-8b-instant,Key1,2018.0,,Process-Based,Mixed/Event,South/SE Asia,,Ground Only,,3.0,31.0,76.0,Sec4: Modelling,,,,,,,,
"Li and Ye - 2018 - Variability of rainfall erosivity and erosivity density in the Ganjiang River catchment, China Char.pdf",Li et al.2018,Atmosphere,10.3390/atmos9020048,GScholar,China,Local,31.5,118.5,1,1960-2012,Daily,52,GPM,EI30,"The study identified the variability and trends of RE and ED in terms of both time and space in the Ganjiang River catchment over the period of 1960–2012, and also analyzed and discussed the impact of climate change.",Statistical,,Increasing,+12.4%,,p<0.01,Climate change,Historical,,,,,,,,,,,,Low,GPM,"The study found that RE and ED in the catchment had great monthly variations and high year-to-year variability, and both presented long-term increasing trends over the entire study period.",Sec3:Observed,,3.0,Tier3-DataOnly,llama-3.1-8b-instant,Key2,2018.0,Increasing,Statistical,Daily,China,Low,GPM,Significant (p<0.01),3.0,31.5,118.5,Sec3: Observed Trends,,,,,,,,
Li et al. - 2013 - Effect of erosion on productivity in subtropical red soil hilly region a multi-scale spatio-tempora.pdf,Li et al.2013,PLoS ONE,10.1371/journal.pone.0077838,GScholar,Global,Local,,,,1980-2020,Daily,1,"GloREDa,CHIRPS,GPM",Other,This study investigated the effects of water erosion on soil properties and productivity in different farming systems. A typical sloping cropland with homogeneous soil properties was designed in 2009 and then protected from other external disturbances except natural water erosion.,Observation,,,,,p<0.05,,Historical,,,,,,1981-2010,No downscaling,,,,,,No-ground only,This study demonstrated that an effective management of organic carbon pool should be the preferred option to maintain soil productivity in subtropical red soil hilly region.,Sec3:Observed,,3.0,Tier3-DataOnly,llama-3.1-8b-instant,Key3,2013.0,,Observational,Daily,Global,,Ground Only,,3.0,,,Sec3: Observed Trends,,,,,,,,
"Li et al. - 2020 - Suitability of TRMM products with different temporal resolution (3-hourly, daily, and monthly) for r.pdf",Li et al.2020,Remote Sens.,10.3390/rs12233924,GScholar,Global,Continental,,,1,1980-2020,3-Hourly,1,TRMM,RE,"The study used TRMM 3B42 3-hourly, daily, and 3B43 monthly rainfall data to estimate rainfall erosivity (RE) in the Poyang Lake basin, China.",Remote Sensing,,,,,,,Historical,,,,,,1981-2010,,,,,,,TRMM,"The study found that TRMM 3-hourly product had a significant systematic underestimation of monthly RE, especially during the period of April–June for the large values.",Sec3:Observed,,,Tier3-DataOnly,llama-3.1-8b-instant,Key1,2020.0,,Remote Sensing,Hourly,Global,,TRMM,,,,,Sec3: Observed Trends,,,,,,,,
Li et al. - 2022 - Study on multidimensional changes of rainfall erosivity during 1970–2017 in the North–South Transiti.pdf,Li et al.2022,Frontiers in Environmental Science,10.3389/fenvs.2022.969522,GScholar,China,Regional,34.0,106.0,1,1970-2017,Daily,48,GPM,EI30,This study analyzed the spatial and temporal characteristics of RE and their driving mechanisms in the Qinba Mountains from 1970 to 2017 using a daily rainfall model.,Statistical,,No trend,,,,,Historical,,,,,,1981-2010,No downscaling,,,,,,GPM,"The RE between 1970 and 2017 averaged 4,197.85 MJ mm hm−2 h−1 a−1, with a mutation coefﬁcient of 0.16.",Sec4:Modelling,,,Tier1-Full,llama-3.1-8b-instant,Key2,2022.0,No Trend,Statistical,Daily,China,,GPM,,,34.0,106.0,Sec4: Modelling,,,,,,,,
Li et al. - 2025 - Experimental study on in-situ simulation of rainfall-induced soil erosion in forest lands converted.pdf,Li et al.2025,PLOS ONE,10.1371/journal.pone.0317889,GScholar,China,Local,,,,,,,,,,,,,,,,,,,,,,,,,,,,,,,,Sec1:Intro,,,Tier1-Full,llama-3.1-8b-instant,Key3,2025.0,,,,China,,,,,,,Sec1: Introduction,,,,,,,,
Liu and Zhang - 2019 - Research on the optimal vegetation cover for remote sensing assessment of soil erosion risk using th.pdf,Liu et al.2019,Journal of Geoscience and Environment Protection,10.4236/gep.2019.72002,GScholar,Global,Global,,,,1980-2020,Mixed,,Remote Sensing,Other,"Based on the temporal relationship of the two most active impact factors, rainfall and vegetation, an index of RV is developed and used to indicate the relative erosion risk during the year.",Statistical,,,,,,,Historical,,,,,,,No downscaling,,,,,,No-ground only,"The results show that annual variation of rainfall is significant, and vegetation is relatively stable, resulting in their matching relationship is different in each year.",Sec3:Observed,,,Tier4-Citation,llama-3.1-8b-instant,Key1,2019.0,,Statistical,Mixed/Event,Global,,Ground Only,,,,,Sec3: Observed Trends,,,,,,,,
Liu et al. - 2020 - Spatial distribution and temporal trends of rainfall erosivity in Three Gorges Reservoir Area of Chi.pdf,Liu et al.2020,Mathematical Problems in Engineering,10.1155/2020/5302679,WoS,China,Regional,29.0,115.0,40,1960-2010,Daily,50,Daily rainfall data from 40 stations,EI30,The Mann–Kendall test and Co–kriging interpolation method were applied to detect the temporal trends and spatial patterns.,Statistical,Mann–Kendall test,No trend,1.0,,Not significant,,Historical,,,,,,1981-2010,,Data scarcity,Data scarcity,,,High,No-ground only,"The findings could provide useful information both for soil erosion prediction, land management practices, and sediment control project of TGRA.",Sec4:Modelling,,3.0,Tier3-DataOnly,llama-3.1-8b-instant,Key2,2020.0,No Trend,Statistical,Daily,China,High,Ground Only,Significant (p<0.05),3.0,29.0,115.0,Sec4: Modelling,,,,,,,,
Liu et al. - 2022 - Spatiotemporal variations and causes of windrainfall erosion climatic erosivity in Qinghai Province.pdf,Liu et al.2022,Atmosphere,10.3390/atmos13101649,GScholar,"Qinghai Province, China",Regional,36.65,100.85,50,1970-2020,Daily,51,50 meteorological stations,C-factor and Rday-factor,"The Mann–Kendall test, trend analysis, and K-means clustering method were used to explore the spatiotemporal characteristics of regional wind/rainfall climatic erosivity.",Statistical,,Declining and Increasing,+6.5/10a and +24.0 MJ·mm/(hm2·h·10a),,p<0.01,"Wind speed, temperature, rainfall, and sunshine duration for wind-erosion climatic erosivity, and annual erosive rainfall, number of rainy days, and sunshine duration for rainfall erosivity",Historical,,,,,,1970-2020,,,,,,Low,No-ground only,"Wind-erosion climatic erosivity and rainfall erosivity were obviously asynchronous on an annual basis, and the period of their combination extended the time of soil erosion.",Sec3:Observed,,,Tier1-Full,llama-3.1-8b-instant,Key3,2022.0,Mixed,Statistical,Daily,China,Low,Ground Only,Significant (p<0.01),,36.65,100.85,Sec3: Observed Trends,,,,,,,,
Liu et al. - 2023 - Spatiotemporal variability in rainfall erosivity and its teleconnection with atmospheric circulation.pdf,Liu et al.2024,Sustainability,10.3390/su16010111,Scopus,China,National,35.0,105.0,611,1960-2020,Daily,60,In-situ observations,EI30,Random forest was used to identify key climatic drivers closely linked to RE. Daily precipitation data from 611 stations were analyzed to study the spatiotemporal changes in RE.,Statistical,,Increasing,+81.67%,81.67 MJ·mm·ha−1·h−1/decade,,Climate change,,,,,,,,,,,,,Low,No-ground only,"The study found a significant increasing trend in rainfall erosivity in China, with an average increase of 81.67 MJ·mm·ha−1·h−1/decade. The Eastern Monsoon Region showed the greatest change rate, with an increase of 108.54 MJ·mm·ha−1·h−1/decade.",Sec3:Observed,"SDG15.3, UNCCD",4.0,Tier1-Full,llama-3.3-70b-versatile,Key1,2024.0,Increasing,Statistical,Daily,China,Low,Ground Only,,4.0,35.0,105.0,Sec3: Observed Trends,+13.5 to +25.9%,,20152100,19611990,10 CMIP6 models,SSP1/2/3/5,HIGH,Abstract
Liu et al. - 2025 - Effects of soil particle size on rainfall-induced erosion of near-horizontal layered slopes.pdf,Liu et al.2025,PLOS One,10.1371/journal.pone.0331153,Scopus,Northwest China,Local,41.827,80.074,1,,,,Indoor model box test,,The study used rainfall simulation equipment in an indoor model box test to investigate the erosion damage characteristics of three different grain size compositions of nearly horizontal laminated soil slopes under rainfall.,Observation,,,,,,,,,,,,,,,,,,,,,"The study found that rainfall, slope soil properties and cracks are the main causes of erosion damage on slopes, and that soil slopes with coarse-grained sand have less erosion damage due to good permeability of the sand layer.",Sec3:Observed,,4.0,Tier1-Full,llama-3.3-70b-versatile,Key2,2025.0,,Observational,,China,,,,4.0,41.827,80.074,Sec3: Observed Trends,,,,,,,,
Lukić et al. - 2019 - Rainfall erosivity and extreme precipitation in the Pannonian basin.pdf,Lukić et al.2019,Open Geosci,10.1515/geo-2019-0053,Scopus,Pannonian basin,Sub-national,45.2671,19.8335,14,1961-2014,Daily,53,European Climate Assessment and Dataset,MFI,Statistical analysis and Geographic Information System (GIS) were used to assess rainfall erosivity and extreme precipitation indices.,Statistical,,Increasing,,,p<0.05,,,,,,,,,,,,,,Medium,,"The study found an increase in rainfall erosivity for most of the investigated area, with a shift from low to moderate erosivity class.",Sec3:Observed,,4.0,Tier2-Selective,llama-3.3-70b-versatile,Key3,2019.0,Increasing,Statistical,Daily,Europe,Medium,,,4.0,45.2671,19.8335,Sec3: Observed Trends,,,,,,,,
Lukić et al. - 2021 - Application of Angot precipitation index in the assessment of rainfall erosivity Vojvodina Region c.pdf,Lukić et al.2021,Acta Geographica Slovenica,https://doi.org/10.3986/AGS.8754,Scopus,"Vojvodina Region, North Serbia",Sub-national,45.2671,19.8453,12,1946-2014,Monthly,68,Meteorological stations,Angot precipitation index,The paper uses the Angot precipitation index to assess rainfall erosivity in the Vojvodina Region. Monthly and annual mean precipitation values were used to calculate the rainfall erosivity index.,Statistical,,,,,p<0.05,,,,,,,,,,,,,,,No-ground only,"The study found that various susceptibility classes are identified within the observed period, with a higher presence of very severe rainfall erosion in June and July.",Sec3:Observed,,4.0,Tier2-Selective,llama-3.3-70b-versatile,Key1,2021.0,,Statistical,Monthly,Other/Regional,,Ground Only,,4.0,45.2671,19.8453,Sec3: Observed Trends,,,,,,,,
Lv et al. - 2020 - Erosion characteristics of different reclaimed substrates on iron tailings slopes under simulated ra.pdf,Lv et al.2020,Scientific Reports,10.1038/s41598-020-61121-z,Scopus,China,Local,37.7833,112.55,6,,Sub-hourly,,Experimental soil flumes,Other,The study measured the slope erosion characteristics of six reclaimed substrates under three simulated intermittent rainfall events.,Observation,,,,,p<0.05,,,,,,,,,,,,,,,,Adding agricultural organic wastes such as mushroom residues to tailings and reducing soil addition may be an effective way to reduce erosion and promote ecological restoration in soilless tailings areas.,Sec3:Observed,,4.0,Tier2-Selective,llama-3.3-70b-versatile,Key2,2020.0,,Observational,Sub-hourly,China,,,,4.0,37.7833,112.55,Sec3: Observed Trends,,,,,,,,
"Martínez-Mena et al. - 2020 - Long-term effectiveness of sustainable land management practices to control runoff, soil erosion, an.pdf",Martínez-Menaa et al.2020,Catena,10.1016/j.catena.2019.104352,Scopus,Mediterranean,Local,38.0,-1.2,2,2010-2016,Event-based,6,Field measurements,Other,Open erosion plots were set up to monitor the effects of SLM on soil carbon and nutrients and on soil erosion after each rainfall event.,Observation,,,-65%-85%,,p<0.05,SLM practices,,,,,,,,,,,,,Low,No-ground only,"SLM practices reduced runoff, erosion, and mobilization of organic carbon and nutrients in sediments.",Sec3:Observed,,4.0,Tier1-Full,llama-3.3-70b-versatile,Key3,2020.0,,Observational,Mixed/Event,Europe,Low,Ground Only,,4.0,38.0,-1.2,Sec3: Observed Trends,,,,,,,,
Matthews et al. - 2025 - Dynamic assessment of rainfall erosivity in Europe evaluation of EURADCLIM ground-radar data.pdf,Matthews et al.2025,Hydrol. Earth Syst. Sci.,https://doi.org/10.5194/hess-29-5299-2025,Scopus,Europe,Continental,47.0,15.0,1000,1980-2020,30-minute,5,"EURADCLIM, GloREDa",EI30,"The study evaluates the ground radar-based EURADCLIM precipitation grids to quantify rainfall erosivity across European countries. Compared to GloREDa gauge-based interpolations, EURADCLIM overpredicts rainfall erosivity.",Statistical,Kling-Gupta Efficiency (KGE),No trend,0%,,p<0.01,,Historical,,,,,,1981-2010,,Radar artefacts,Model structural,+/-15%,Yes-QM,Low,GPM,The study shows the value of ensemble R-factor layers of EURADCLIM with three other rainfall erosivity grids.,Sec4:Modelling,"SDG15.3, IPCC AR6, UNCCD",4.0,Tier2-Selective,llama-3.1-8b-instant,Key1,2025.0,No Trend,Statistical,Sub-hourly,Europe,Low,GPM,Significant (p<0.01),4.0,47.0,15.0,Sec4: Modelling,,,,,,,,
Meddi - 2013 - Sediment transport and rainfall erosivity evolution in twelve basins in central and western Algeria.pdf,Santos et al.2013,Journal of Urban and Environmental Engineering,10.4090/juee.2013.v7n2.253263,RefList,Central and Western Algeria,Regional,,,12,1930-2007,,,,,,,,,,,,,,,,,,,,,,,,,,,,Sec2:Theory,,,,llama-3.1-8b-instant,Key2,2013.0,,,,Other/Regional,,,,,,,Sec2: Theory,,,,,,,,
Mello et al. - 2011 - El-Niño southern oscillation and rainfall erosivity in the headwater region of the Grande River Basi.pdf,Mello et al.2011,Hydrol. Earth Syst. Sci. Discuss.,10.5194/hessd-8-10707-2011,Scopus,South America,Regional,-15.0,-43.0,2,2006-2010,Monthly,5,GPM,EI30,Pearson’s coefficient of correlation was used to evaluate the relationships between the rainfall variables and SST and MEI.,Statistical,Significant correlations between the rainfall variables and SST and MEI.,No trend,,,p<0.01,ENSO indicators,Historical,,,,,,1981-2010,,Model structural,Model structural,,,Low,GPM,SST positive oscillations play a more important role in rainfall erosivity.,Sec3:Observed,,3.0,Tier2-Selective,llama-3.1-8b-instant,Key3,2011.0,No Trend,Statistical,Monthly,Americas,Low,GPM,Significant (p<0.01),3.0,-15.0,-43.0,Sec3: Observed Trends,,,,,,,,
"Mello et al. - 2012 - Sea surface temperature (SST) and rainfall erosivity in the Upper Grande River Basin, southeast Braz.pdf",Mello et al.2012,Ciênc. agrotec.,,RefList,South America,Regional,,,,2006-2010,,,,,Pearson’s coefficient of correlation was used to evaluate the relationships between rainfall variables and SST.,Statistical,,,,,,El-Niño phenomenon,,,,,,,,,,,,,,,The El-Niño phenomenon can be considered an important factor in the intense rainfall behavior of the Upper Grande River Basin.,Sec2:Theory,,,,llama-3.1-8b-instant,Key1,2012.0,,Statistical,,Americas,,,,,,,Sec2: Theory,,,,,,,,
Meusburger et al. - 2012 - Spatial and temporal variability of rainfall erosivity factor for Switzerland.pdf,Meusburger et al.2012,Hydrol. Earth Syst. Sci.,10.5194/hess-16-167-2012,WoS,Switzerland,National,47.0,8.0,71,1980-2002,10 min,22,Automatic gauging stations,R-factor,Regression-kriging was used to interpolate the rainfall erosivity values of single stations and to generate a map for Switzerland.,Statistical,,Increasing,+12.4%,,p < 0.005,Seasonal changes in vegetation cover,Historical,,,,,,1981-2010,,,,,,Low,No-ground only,"The increasing trends of rainfall erosivity in May, September and October when vegetation cover is scarce are likely to enhance soil erosion risk for certain agricultural crops and alpine grasslands in Switzerland.",Sec3:Observed,,4.0,Tier2-Selective,llama-3.1-8b-instant,Key2,2012.0,Increasing,Statistical,Sub-hourly,Europe,Low,Ground Only,,4.0,47.0,8.0,Sec3: Observed Trends,,,,,,,,
Mezősi and Bata - 2016 - Estimation of the changes in the rainfall erosivity in Hungary.pdf,Mezősi et al.2016,Journal of Environmental Geography,10.1515/jengeo-2016-0011,RefList,Hungary,National,46.25,20.1,4,2000-2013,30-minute,13,REMOModels,MFI,The rainfall erosivity factor (R) is calculated by multiplying the kinetic energy of precipitation (E) by the maximum rainfall intensity during a period of 30-minutes for each rainstorm (ExI30).,Statistical,,,,,,,Historical,,,,,,,,Model structural,Model structural,,,Low,,"The rainfall erosivity factor (R) in Hungary varies between 360 and 1,000, with an average value compared to other European data.",Sec3:Observed,"SDG15.3,IPCC AR6,UNCCD",3.0,Tier3-DataOnly,llama-3.1-8b-instant,Key3,2016.0,,Statistical,Sub-hourly,Other/Regional,Low,,,3.0,46.25,20.1,Sec3: Observed Trends,,,,,,,,
"Mohammed et al. - 2016 - Studying rainfall changes and water erosion of soil by using the WEPP model in Lattakia, Syria.pdf",Mohammed et al.2016,Journal of Agricultural Sciences,10.2298/JAS1604375M,RefList,Mediterranean region,Local,,,6,2016-2039,,24,WEPP model,,The Water Erosion Prediction Project (WEPP) model was used to simulate the potential impacts of climate change on soil erosion and surface runoff in different places around the world.,Process-based,,Decreasing,-7.11 mm per year,170 mm,p<0.01,Climate change,Historical,,,,,,,,,,,,Low,,"The study found a linear decrease in rainfall amount of about 7.11 mm per year, and a decrease in soil erosion amount in the agricultural system.",Sec4:Modelling,,3.0,Tier3-DataOnly,llama-3.1-8b-instant,Key1,2016.0,Decreasing,Process-Based,,Europe,Low,,Significant (p<0.01),3.0,,,Sec4: Modelling,,,,,,,,
Moreira et al. - 2016 - Spatial interpolation of rainfall erosivity using artificial neural networks for southern Brazil con.pdf,Moreira et al.2016,Rev Bras Cienc Solo,10.1590/18069657rbcs20150132,Scopus,Southern Brazil,Local,-30.0,-54.0,103,1980-2020,Monthly,1,ClimaBR 2.0,EI30,The study used Artificial Neural Networks (ANNs) for spatial interpolation of the monthly and annual values of rainfall erosivity at any location in the state of Rio Grande do Sul.,Statistical,,,,,,,Historical,,,,,,1981-2010,,,,,,High,,The study developed Artificial Neural Networks (ANNs) for spatial interpolation of rainfall erosivity in Southern Brazil.,Sec3:Observed,,,Tier3-DataOnly,llama-3.1-8b-instant,Key2,2016.0,,Statistical,Monthly,Americas,High,,,,-30.0,-54.0,Sec3: Observed Trends,,,,,,,,
Nanko et al. - 2016 - Rainfall erosivity–intensity relationships for normal rainfall events and a tropical cyclone on the.pdf,Nanko et al.2016,Elsevier,https://www.sciencedirect.com/science/article/pii/S0022169416000391,WoS,South Carolina,Local,33.98,-79.04,1,2010-2011,Sub-hourly,2,Optical disdrometer,Kinetic energy,"The relationships between rainfall intensity (I), and median volume raindrop diameter, and three rainfall erosivity indices (kinetic energy, momentum, and momentum multiplied by the drop diameter) were developed using an optical disdrometer deployed in the intertidal zone during summer and fall of 2010 and 2011.",Statistical,,,,,p<0.001,,Historical,,,,,,1981-2010,No downscaling,,,,,Low,No-ground only,New erosivity-I relationships were derived to help characterize soil erosion processes in salt marsh areas for normal events.,Sec3:Observed,,3.0,Tier3-DataOnly,llama-3.1-8b-instant,Key3,2016.0,,Statistical,Sub-hourly,Other/Regional,Low,Ground Only,,3.0,33.98,-79.04,Sec3: Observed Trends,,,,,,,,
Nel et al. - 2010 - Short communication Effect of altitude on erosive characteristics of concurrent rainfall events in.pdf,W Nel et al.2010,Water SA,,WoS,South Africa,Local,-32.9,27.5,2,2002-2005,5-min interval,4,"GloREDa,CHIRPS,GPM",Erosivity Density,High-resolution rainfall data from two stations in the northern KwaZulu-Natal Drakensberg provide insight into the effect of altitude on individual rainfall event characteristics.,Observation,,Decreasing,,,,,Historical,,,,,,,,,,,,Low,No-ground only,"The escarpment appears to limit erosivity, with only 11 events meeting the set criteria for erosivity in the foothills but failing to meet the same criteria on the escarpment.",Sec3:Observed,,3.0,Tier3-DataOnly,llama-3.1-8b-instant,Key1,2010.0,Decreasing,Observational,Sub-hourly,Africa,Low,Ground Only,,3.0,-32.9,27.5,Sec3: Observed Trends,,,,,,,,
Nel et al. - 2012 - The nature of erosive rainfall on a tropical volcanic island with an elevated interior.pdf,Nel et al.2022,,,,Mauritius,Local,-20.25,57.5,5,2004-2008,6-minute,5,Mauritius Meteorological Services,EI30,"The study used 6-minute-interval rainfall data to investigate the intensity, kinetic energy, and erosive attributes of individual rainfall events on the island of Mauritius.",Observation,,,31.0,,p<0.001,,Historical,,,,,,,,,,,,Low,,The study highlights the importance of using rainfall records at an event scale in soil erosion risk assessments on tropical islands with a complex topography.,Sec3:Observed,,,Tier3-DataOnly,llama-3.1-8b-instant,Key2,2022.0,,Observational,Sub-hourly,Other/Regional,Low,,,,-20.25,57.5,Sec3: Observed Trends,,,,,,,,
Nel et al. - 2016 - Intra-event characteristics of extreme erosive rainfall on Mauritius.pdf,Nel et al.2022,,,,Mauritius,Local,20.17,57.5,6,2004-2008,,4,Mauritius Meteorological Services,,Intra-event characteristics of extreme erosive rainfall on Mauritius were analysed to provide the first detailed intra-storm data for a tropical island environment.,Observation,,,81.0,,,,Historical,,,,,,,,,,,,,,"The study suggests that even though the within-event rainfall characteristics is complex it has implications for soil erosion risk, and that in tropical island environments the within-storm distribution of rainfall must be incorporated in soil loss modelling.",Sec3:Observed,,5.0,Tier1-Full,llama-3.1-8b-instant,Key3,2022.0,,Observational,,Other/Regional,,,,5.0,20.17,57.5,Sec3: Observed Trends,,,,,,,,
Neumann et al. - 2022 - Effect of plot size and precipitation magnitudes on the activation of soil erosion processes using s.pdf,Neumann et al.2022,Frontiers in Environmental Science,10.3389/fenvs.2022.949774,GScholar,Czech Republic,Local,49.8,14.4,2,2022,,1,Rainfall simulator,,The study used simulated rainfall experiments with two different devices of different sizes to assess the effect of plot size and precipitation magnitudes on the activation of soil erosion processes in vineyards.,Observation,,,,,,,Historical,,,,,,,,,,,,,No-ground only,The study found that plot size and precipitation magnitudes have a significant effect on the activation of soil erosion processes in vineyards.,Sec3:Observed,,,Tier1-Full,llama-3.1-8b-instant,Key1,2022.0,,Observational,,Europe,,Ground Only,,,49.8,14.4,Sec3: Observed Trends,,,,,,,,
Ngezahayo et al. - 2019 - Rainfall induced erosion of soils used in earth roads.pdf,Ngezahayo et al.2023,E3S Web of Conferences,https://doi.org/10.1051/e3sconf/20199217006,WoS,Global,Local,,,,,,,,,A laboratory rainfall simulator was used to identify the performance of an earth road surface compacted at the maximum dry density against rainfall energy and surface flow.,Observation,,,,,,,,,,,,,,,,,,,,,The study revealed that erosion in earth roads can be understood and mitigated to a certain extent.,Sec3:Observed,,,,llama-3.1-8b-instant,Key2,2023.0,,Observational,,Global,,,,,,,Sec3: Observed Trends,,,,,,,,
P.u. et al. - 2017 - A review of rainfall erosivity as a natural factor of gully erosion.pdf,Igwe et al.2017,"International Journal of Environment, Agriculture and Biotechnology (IJEAB)",10.22161/ijeab/2.6.49,RefList,Global,Global,,,,1980-2020,,,,,"A review of academic/journal articles, textbooks, internet materials, conference papers and publicly available materials on gully erosion and rainfall erosivity as one of its factors.",Review,,,,,,,,,,,,,,,,,,,,,"Recommendations to reduce the influence of rainfall as a factor of soil erosion include planting of trees and grasses that reduce the impact of rainfall to detach soil particles, conservation practices such as terracing, strip cropping and contour ploughing, a shift from rain-fed agriculture to dry season farming and grants to the affected people and landholders to manage gully erosion using adaptive measures based on their indigenous knowledge.",Sec2:Theory,"SDG15.3,IPCC AR6,UNCCD",,Tier4-Citation,llama-3.1-8b-instant,Key3,2017.0,,Review,,Global,,,,,,,Sec2: Theory,,,,,,,,
Panagos et al. - 2015 - Rainfall erosivity in Europe.pdf,Panagos et al.2017,Journal of Environmental Science,10.1039/c7ew00123x,Scopus,Europe,Continental,48.8567,2.3522,1541,1980-2010,Daily,30,GloREDa,EI30,The study used the Revised Universal Soil Loss Equation (RUSLE) to estimate the rainfall erosivity.,Statistical,,Decreasing,-12.4%,,p<0.01,Climate change,,,,,,,,No downscaling,,,,No,High,No-ground only,"The study found that the rainfall erosivity in Europe has a decreasing trend, which is mainly driven by climate change.",Sec3:Observed,"UNCCD,IPCC AR6",4.0,Tier1-Full,llama-3.3-70b-versatile,Key3,2017.0,Decreasing,Statistical,Daily,Europe,High,Ground Only,Significant (p<0.01),4.0,48.8567,2.3522,Sec3: Observed Trends,,,,,,,,
Panagos et al. - 2015 - Reply to the comment on Rainfall erosivity in Europe by Auerswald et al.pdf,Panagos et al.2015,Science of the Total Environment,10.1016/j.scitotenv.2015.05.020,Scopus,Europe,Continental,,,1541,varies,Sub-hourly,17,REDES,R-factor,Pan-European rainfall data compilation and interpolation,Statistical,Comparison with previous studies,,5.0,,,,,,,,,,,,Data scarcity and temporal resolution,Data scarcity,,No,Medium,No-ground only,The Pan-European rainfall erosivity map is a significant improvement over previous products at this scale,Sec3:Observed,,4.0,Tier1-Full,llama-3.3-70b-versatile,Key1,2015.0,,Statistical,Sub-hourly,Europe,Medium,Ground Only,,4.0,,,Sec3: Observed Trends,,,,,,,,
Panagos et al. - 2017 - Global rainfall erosivity assessment based on high-temporal resolution rainfall records.pdf,Panagos et al.2017,Scientific Reports,10.1038/s41598-017-04282-8,Scopus,Global,Global,,,3625,,Sub-hourly,,Multiple,EI30,Gaussian Process Regression (GPR) was used to develop a global erosivity map at 30 arc-seconds (~1 km).,Statistical,,,20.0,,,,,,,,,,,,,,,,Medium,No-ground only,"The mean rainfall erosivity was estimated to be 2,190 MJ mm ha−1 h−1 yr−1, with the highest values in South America and the Caribbean countries, Central east Africa and South east Asia.",Sec3:Observed,"SDG15.3, IPCC AR6, UNCCD",4.0,Tier1-Full,llama-3.3-70b-versatile,Key2,2017.0,,Statistical,Sub-hourly,Global,Medium,Ground Only,,4.0,,,Sec3: Observed Trends,,,,,,,,
Patriche et al. - 2023 - Simulation of rainfall erosivity dynamics in Romania under climate change scenarios.pdf,Patriche et al.2023,Sustainability,10.3390/su15021469,Scopus,Romania,National,46.0,25.0,,2041-2060,Daily,20,CHESLA,RUSLE,A statistical non-parametric model was developed to predict rainfall erosivity based on the modified Fournier index. The model was applied to future precipitation evolution scenarios using data from the CHESLA database.,Statistical,,Increasing,+18%,From 785 to 930.2 MJ mm ha-1 h-1 yr-1,,Climate change,RCP 4.5 and 8.5,2041-2060,,,Average of 5 climate models,,,,,,,,,No,"Rainfall erosivity is likely to increase in Romania, especially in the south-western, western and eastern parts of the country, which may cause a corresponding increase in soil erosion rates.",Sec4:Modelling,,4.0,Tier1-Full,llama-3.3-70b-versatile,Key3,2023.0,Increasing,Statistical,Daily,Europe,,Ground Only,,4.0,46.0,25.0,Sec4: Modelling,+0.3% to +2.6%,+0.9% to +2.4%,20412080,Current (RUSLE 2015),5 climate models,"RCP 4.5, 8.5",HIGH,Abstract
"Petroselli et al. - 2021 - Comparative evaluation of the rainfall erosivity in the Rieti province, Central Italy, using empiric.pdf",Petroselli et al.2021,Hydrology,10.3390/hydrology8040171,Scopus,Central Italy,Local,42.4333,12.8667,,,,,,R-factor,The study used empirical formulas and a stochastic rainfall generator to estimate rainfall erosivity in the Rieti province of Central Italy.,Statistical,,,,,,,,,,,,,,,,,,,High,,The study identified three empirical formulas that provided better results for estimating rainfall erosivity in the Rieti province of Central Italy.,Sec3:Observed,,4.0,Tier1-Full,llama-3.3-70b-versatile,Key1,2021.0,,Statistical,,Europe,High,,,4.0,42.4333,12.8667,Sec3: Observed Trends,,,,,,,,
Piacentini et al. - 2018 - Analysis of soil erosion induced by heavy rainfall A case study from the NE Abruzzo hills area in c.pdf,Piacentini et al.2018,Water,10.3390/w10101314,GScholar,Central Italy,Local,42.3,14.1,3,2007-2012,Daily,5,"Rain gauge data, satellite rainfall data",,"Direct measurements (field plots, pins, detailed digital elevation models, DEM, morphometry and photogrammetry)",Observation,,,,,,,Historical,,,,,,,,,,,,,No-ground only,The triggering threshold for heavy soil erosion shows an expected value of ~100–110 mm.,Sec3:Observed,,,Tier3-DataOnly,llama-3.1-8b-instant,Key2,2018.0,,Observational,Daily,Europe,,Ground Only,,,42.3,14.1,Sec3: Observed Trends,,,,,,,,
Pontes et al. - 2017 - Spatial distribution of annual and monthly rainfall erosivity in the jaguarí river basin.pdf,Pontes et al.2017,Rev Bras Cienc Solo,10.1590/18069657rbcs20160407,Scopus,Jaguarí River Basin,Local,-21.0,-43.0,1,1980-2020,30-minute,1,"GloREDa,CHIRPS,GPM",EI30,"An equation was used to estimate the (EI30) in accordance with the average monthly and total annual rainfall at rainfall stations with data available for the study area. In the regression kriging technique, the deterministic part was modeled using multiple linear regression between the dependent variable (EI30) and environmental predictor variables: latitude, longitude, and altitude.",Statistical,Regression kriging,,52.0,,p<0.05,,Historical,,,,,,1981-2010,,,,,,Low,,A direct correlation between erosivity and altitude could be observed. Erosivity has a markedly seasonal behavior in accordance with the rainy season from October to March.,Sec3:Observed,,,Tier3-DataOnly,llama-3.1-8b-instant,Key3,2017.0,,Statistical,Sub-hourly,Other/Regional,Low,,,,-21.0,-43.0,Sec3: Observed Trends,,,,,,,,
Prosdocimi et al. - 2017 - Rainfall simulation and Structure-from-Motion photogrammetry for the analysis of soil water erosion.pdf,Prosdocimi et al.2017,The Science of The Total Environment,https://doi.org/10.1016/j.scitotenv.2016.09.036,WoS,Mediterranean,Local,,,,,,,,,Rainfall simulation and Structure-from-Motion photogrammetry for the analysis of soil water erosion in Mediterranean vineyards.,Observation,,,,,,,,,,,,,,,,,,,,,"Soil water erosion is a serious problem, especially in agricultural lands. Among these, vineyards deserve attention, because they constitute for the Mediterranean areas a type of land use affected by high soil losses.",Sec3:Observed,,,Tier1-Full,llama-3.1-8b-instant,Key1,2017.0,,Observational,,Europe,,,,,,,Sec3: Observed Trends,,,,,,,,
Rocha et al. - 2025 - Hydro-meteorological dynamics of rainfall erosivity risk in the Amazon River Delta-Estuary.pdf,da Silva Rocha et al.2025,Journal of Water and Climate Change,10.2166/wcc.2025.544,Scopus,Amazon River Delta-Estuary,Regional,-0.1,-48.5,1,1985-2022,Daily,37,"GloREDa,CHIRPS,GPM",R-factor,The dynamics of erosivity were evaluated from the perspective of the influence of hydrometeorological events and land use and cover types.,Statistical,,No trend,90.0,,,,Historical,,,,,,1981-2010,No downscaling,,,,,,GPM,"The erosive potential showed climatic variability according to the positive and negative phases of the Atlantic Meridional Mode (AMM), and the warm (El Niño) and cold (La Niña) phases of the El Niño-Southern Oscillation (ENSO).",Sec4:Modelling,"SDG15.3,IPCC AR6,UNCCD",3.0,Tier2-Selective,llama-3.1-8b-instant,Key2,2025.0,No Trend,Statistical,Daily,Other/Regional,,GPM,,3.0,-0.1,-48.5,Sec4: Modelling,,,,,,,,
"Rončević et al. - 2025 - Design, calibration, and performance evaluation of a high-fidelity spraying rainfall simulator for s.pdf",Ronćević et al.2025,Water,10.3390/w17131863,Scopus,,Local,,,,,,,,,"The study designed, constructed, and calibrated a spraying-type rainfall simulator for soil erosion research. The simulator's design is based on a modified simulator model previously described in the literature.",Observation,,,,,,,,,,,,,,,,,,,,,"The study designed and calibrated a high-fidelity spraying rainfall simulator for soil erosion research, which successfully replicates natural rainfall characteristics.",Sec3:Observed,,4.0,Tier1-Full,llama-3.3-70b-versatile,Key3,2025.0,,Observational,,,,,,4.0,,,Sec3: Observed Trends,,,,,,,,
Rugendo et al. - 2023 - Surface runoff and soil erosion from Nitisols and Ferralsols as influenced by different soil organic.pdf,Rugendo et al.2023,Heliyon,10.1016/j.heliyon.2023.e17684,Scopus,Sub-Saharan Africa,Local,,,,,Mixed,,Rainfall simulator,Other,The study used a land type sprinkler nozzle rainfall simulator to determine runoff and sediment losses on each soil type. The data was subjected to analysis of variance and significant mean differences were determined using Tukey’s Honest Test at a 95% confidence level.,Observation,,,,,p<0.0001,,,,,,,,,,,,,,,,"The study found that Ferralsols recorded significantly higher runoff and sediment losses compared to Nitisols, and that adequate SOC level portrayed a significant effect in reducing erosion in both soil types.",Sec3:Observed,"SDG15.3, UNCCD",4.0,Tier2-Selective,llama-3.3-70b-versatile,Key1,2023.0,,Observational,Mixed/Event,Africa,,,,4.0,,,Sec3: Observed Trends,,,,,,,,
Schmidt et al. - 2016 - Seasonal dynamics of rainfall erosivity in Switzerland.pdf,Schmidt et al.2016,Hydrol. Earth Syst. Sci.,10.5194/hess-20-4359-2016,WoS,Switzerland,National,46.8,8.2,87,,10-minute,,precipitation gauging stations,R-factor,Stepwise generalized linear regression (GLM) and leave-one-out cross-validation (LOOCV) were used to select spatial covariates which explain the spatial and temporal patterns of the R-factor for each month across Switzerland.,Statistical,,Increasing,80.0,,,climate change,,,,,,,,,,,,,,,"The highest rainfall erosivity in summer (June, July, and August) is influenced by intense rainfall events. A proportion of 62 % of the total annual rainfall erosivity is identified within four months only (June–September).",Sec3:Observed,,4.0,Tier1-Full,llama-3.3-70b-versatile,Key2,2016.0,Increasing,Statistical,,Europe,,,,4.0,46.8,8.2,Sec3: Observed Trends,,,,,,,,
Setargie et al. - 2023 - Modeling of gully erosion in Ethiopia as influenced by changes in rainfall and land use management p.pdf,Setargie et al.2023,Land,10.3390/land12050947,Scopus,Ethiopia,Local,9.145,40.489,2,2005-2021,Mixed,16,"LANDPLANER, field measurements, remote sensing products","Dynamic erosion index (e), Static topographic (esp), Erosion channel (esp_channel) thresholds","The LANDPLANER model was used in combination with intensive field measurements and remote sensing products to simulate gully erosion under past, present, and future conditions.",Process-based,True positive rates (TPR) and true negative rates (TNR),,-64% to -79%,,,Land use/land cover (LULC) and land use management (LUM) practices,,,,,,,,,,,,,Medium,,LUM practices outweigh the impact of LULC on gully erosion in the studied paired watersheds.,Sec3:Observed,,4.0,Tier1-Full,llama-3.3-70b-versatile,Key1,2023.0,,Process-Based,Mixed/Event,Africa,Medium,,,4.0,9.145,40.489,Sec3: Observed Trends,,,,,,,,
Shi et al. - 2026 - The pitfalls of pastoralism and grazing's hidden threat Exacerbation of rainfall erosion in semi‐ar.pdf,Shi et al.2026,"Plants, People, Planet",10.1002/ppp3.70061,WoS,China,Local,36.06,103.73,1,2007-2023,Daily,16,Field observations,Other,This study used a long-term grazing experimental platform to assess changes in vegetation and soil erosion in response to four rainfall events and four grazing intensities.,Observation,,Increasing,+15%,,,Grazing intensity and rainfall,,,,,,,,,,,,,Low,,"An increase in grazing intensity exacerbated the response of soil erosion to rainfall, and reducing grazing intensity could protect the health of local grassland ecosystems.",Sec3:Observed,SDG15.3,4.0,Tier1-Full,llama-3.3-70b-versatile,Key2,2026.0,Increasing,Observational,Daily,China,Low,,,4.0,36.06,103.73,Sec3: Observed Trends,,,,,,,,
"Sholagberu et al. - 2016 - Evaluation of rainfall-runoff erosivity factor for Cameron highland, Pahang, Malaysia.pdf",Sholagberu et al.2016,Journal of Ecological Engineering,10.12911/22998993/63338,WoS,Global,National,3.0,101.7,1,1980-2020,Daily,1,"GloREDa,CHIRPS,GPM",EI30,This study is aimed at estimating R-factor and to establish an approximate relationship between R-factor and rainfall for subsequent usage in the estimation of soil loss in Cameron highlands watershed.,Statistical,,,,,,,Historical,,,,,,1981-2010,No downscaling,,,,,,No-ground only,The correlation coefficient of 0.985 showed that there was a strong relationship rainfall and R-factor.,Sec3:Observed,,3.0,Tier3-DataOnly,llama-3.1-8b-instant,Key1,2016.0,,Statistical,Daily,Global,,Ground Only,,3.0,3.0,101.7,Sec3: Observed Trends,,,,,,,,
Souto et al. - 2022 - Spatial and temporal distribution of rainfall erosivity in Brazilian Amazonia A hydrological perspe.pdf,Souto et al.2022,Caminhos de Geografia,http://doi.org/10.14393/RCG238557697,GScholar,Brazilian Amazonia,Regional,,,,1998-2019,30-minute,22,CMORPH,EI30,The rainfall erosivity factor (R) was assessed using 30 minutes rainfall data from Climate Prediction Center MORPHing technique.,Remote Sensing,,,,,p<0.05,,,,,,,,,,,,,,,CMORPH,Results indicated that average rainfall erosivity is stronger during La Niña events and weaker during El Niño events.,Sec3:Observed,,,Tier3-DataOnly,llama-3.1-8b-instant,Key2,2022.0,,Remote Sensing,Sub-hourly,Americas,,,,,,,Sec3: Observed Trends,,,,,,,,
Spatial-Temporal.pdf,Zhao et al.2023,Pol. J. Environ. Stud.,10.15244/pjoes/163155,Scopus,Tibetan Plateau,Regional,28.0,90.0,,1950-2020,Daily,70,ERA5,EI30,"A gravity centre model, Hovmoller diagram, wavelet analysis, Mann–Kendall test, Rescale range analysis, and Daniel’s trend test were used to analyse the spatial and temporal evolution pattern of rainfall erosivity on the Tibetan Plateau.",Statistical,,Decreasing,,,,,Historical,,,,,,1981-2010,,,,,,,ERA5,"The rainfall erosivity in the Tibetan Plateau showed a weak downward trend, which could continue to decrease in the future.",Sec4:Modelling,,,Tier3-DataOnly,llama-3.1-8b-instant,Key1,2023.0,Decreasing,Statistical,Daily,China,,,,,28.0,90.0,Sec4: Modelling,,,,,,,,
Spatiotemporal-prediction-of-rainfall-erosivity-by-machine-learning-in-southeastern-Brazil.pdf,Souza et al.2022,GEOCARTO INTERNATIONAL,10.1080/10106049.2022.2060318,WoS,Southeastern Brazil,Regional,-15.0,-43.0,154,1980-2020,Monthly,1,"GloREDa,CHIRPS,GPM",EI30,Machine learning algorithms aided by a covariate bank for spatial prediction of rainfall erosivity,ML,,,,,,,Historical,,,,,,1981-2010,No downscaling,,,,,,,Machine learning algorithms aided by a covariate bank for spatial prediction of rainfall erosivity,Sec4:Modelling,,,Tier3-DataOnly,llama-3.1-8b-instant,Key2,2022.0,,Machine Learning,Monthly,Americas,,,,,-15.0,-43.0,Sec4: Modelling,,,,,,,,
Stefanidis et al. - 2021 - Assessing soil loss by water erosion in a typical Mediterranean ecosystem of Northern Greece under c.pdf,Stefanos Stefanidis et al.2021,Water,10.3390/w13152002,GScholar,Global,National,40.0,22.0,1,1980-2020,Daily,1,"GloREDa,CHIRPS,GPM",EI30,The widespread RUSLE empirical erosion model was applied to estimate soil loss.,Process-based,,No trend,,,,,RCP4.5,Mid-century,,,,,1981-2010,No downscaling,,,,,,,"The estimated potential soil loss rates will remain stable for the near future period (2021–2050), while an increase of approximately 9% is expected by the end of the 21th century (2071–2100).",Sec4:Modelling,"SDG15.3,IPCC AR6,UNCCD",3.0,Tier2-Selective,llama-3.1-8b-instant,Key1,2021.0,No Trend,Process-Based,Daily,Global,,,,3.0,40.0,22.0,Sec4: Modelling,,+8.7% (far future),20712100,19712000,RACMO2,RCP 4.5,HIGH,Abstract
Supriyono et al. - 2021 - Spatial-temporal trend analysis of rainfall erosivity and erosivity density of tropical area in Air.pdf,Supriyono et al.2021,Quaestiones Geographicae,10.2478/quageo-2021-0028,Scopus,Indonesia,Local,-3.95,102.25,19,2006-2020,Monthly,15,19 weather stations,EI30,"The analysis was done by using Arnold’s equation. Then, the trend was tested using parametric and non-parametric statistics, and analysed with linear regression equation, and Spearman’s Rho and Mann Kendall’s tests.",Statistical,Parametric and non-parametric statistics,Increasing,98.9,,Not significant,,Historical,,,,,,1981-2010,,Data scarcity,Data scarcity,,,High,No-ground only,"The long-term average monthly rainfall erosivity and ED revealed a general increase and decreasing trend, whereas it was found to be non-significant when both indices were observed.",Sec3:Observed,"SDG15.3,IPCC AR6,UNCCD",3.0,Tier3-DataOnly,llama-3.1-8b-instant,Key2,2021.0,Increasing,Statistical,Monthly,South/SE Asia,High,Ground Only,Significant (p<0.05),3.0,-3.95,102.25,Sec3: Observed Trends,,,,,,,,
Temporal and spatial variation characteristics of extreme precipitation on the Loess Plateau of China facing the precipitation process.pdf,ZHANG Yixin et al.2023,Journal of Arid Land,10.1007/s40333-023-0098-0,Scopus,China,Regional,37.0,102.0,87,1960-2019,Daily,60,87 meteorological stations,,Event-based extreme precipitation (EEP) was defined as continuous precipitation that includes at least one day of EP.,Observation,,,,,p<0.05,Global warming,Historical,,,,,,,,,,,,Low,No-ground only,"The cumulative precipitation percentage of single day EEP was 34% and was dominant for 60 a, while the cumulative precipitation percentage of front, late, and balanced EEP types associated with PSP accounted for 66%.",Sec3:Observed,,,Tier3-DataOnly,llama-3.1-8b-instant,Key1,2023.0,,Observational,Daily,China,Low,Ground Only,,,37.0,102.0,Sec3: Observed Trends,,,,,,,,
Teng et al. - 2017 - Improving rainfall erosivity estimates using merged TRMM and gauge data.pdf,Teng et al.2017,Remote Sens.,10.3390/rs9111134,GScholar,China,National,31.0,121.0,100,1980-2020,Daily,40,"TRMM, Gauge",EI30,Merged TRMM and Gauge data using collocated cokriging (ColCOK) to quantify the spatial distribution of rainfall and estimate rainfall erosivity.,Remote Sensing,Individual rain gauge stations,No trend,,,,,Historical,,,,,,1981-2010,,,,,,Low,TRMM,"The ColCOK technique, in combination with TRMM and gauge data, provides merged rainfall fields with good agreement with rain gauges and with the best accuracy with rainfall erosivity estimates.",Sec4:Modelling,,4.0,Tier2-Selective,llama-3.1-8b-instant,Key2,2017.0,No Trend,Remote Sensing,Daily,China,Low,TRMM,,4.0,31.0,121.0,Sec4: Modelling,,,,,,,,
"Uber et al. - 2024 - Past, present and future rainfall erosivity in central Europe based on convection-permitting climate.pdf",Uber et al.2024,Hydrol. Earth Syst. Sci.,https://doi.org/10.5194/hess-28-87-2024,Scopus,Central Europe,Regional,,,,"1971-2000, 2001-2019, 2031-2060, 2071-2100",High-resolution,30 years,COSMO-CLM,EI30,Convection-permitting climate simulations,Process-based,,Increasing,+84%,,p<0.01,Climate change,RCP8.5,Mid-century,,,COSMO-CLM,,1981-2010,,,,,,,,Future increases in rainfall erosivity in central Europe can be up to 84% in the region's river basins.,Sec4:Modelling,,,Tier1-Full,llama-3.1-8b-instant,Key1,2024.0,Increasing,Process-Based,,Europe,,,Significant (p<0.01),,,,Sec4: Modelling,Up to +84%,,20712100,19712000,COSMO-CLM,RCP 8.5,HIGH,Abstract
Valent and Výleta - 2021 - Estimating rainfall erosivity factor using future climate projection in the Myjava region (Slovakia).pdf,Valent et al.2021,Acta Horticulturae et Regiotecturae – Special Issue,10.2478/ahr-2021-0007,GScholar,Slovakia,Regional,48.5,17.7,15,1981-2010,Daily,30,"GloREDa,CHIRPS,GPM",EI30,A multiple linear regression model (r2 = 0.98) was used to estimate at-site R-values in 13 additional rain gauge stations.,Statistical,,Increasing,+20.5%,91,p<0.01,Climate change,SSP3-7.0,2100,,,,,1981-2010,,,,,,Low,GPM,The mean R-factor values in the region might change from 429 to as much as 520 MJ.mm.ha-1.h-1.yr-1 in the second half of the 21st century.,Sec4:Modelling,,4.0,Tier2-Selective,llama-3.1-8b-instant,Key2,2021.0,Increasing,Statistical,Daily,Other/Regional,Low,GPM,Significant (p<0.01),4.0,48.5,17.7,Sec4: Modelling,,+20.5% (average),20112100,19802010,CGCM3.1,SRES-A1B,HIGH,Abstract
Variation-characteristics-of-rainfall-erosivity-in-tropical-China-and-its-impact-on-river.pdf,Lu et al.2023,Frontiers in Environmental Science,10.3389/fenvs.2023.1084503,GScholar,China,Regional,,,13,1971-2020,Daily,50,GloREDa,EI30,The rainfall erosivity was calculated using the rainfall erosivity model based on the daily rainfall.,Process-based,"Mann-Kendall non-parametric trend/abrupt test, wavelet analysis, inverse distance weighted interpolation",Increasing,+46.36%,46.36,p<0.01,Human activities,Historical,,,,,,1981-2010,,Data scarcity,Data scarcity,+/-15%,,Low,No-ground only,"The variation of rainfall erosivity in summer, autumn and winter showed an upward trend.",Sec4:Modelling,"SDG15.3,IPCC AR6,UNCCD",4.0,Tier2-Selective,llama-3.1-8b-instant,Key1,2023.0,Increasing,Process-Based,Daily,China,Low,Ground Only,Significant (p<0.01),4.0,,,Sec4: Modelling,,,,,,,,
Wang et al. - 2018 - The influence of rainfall and land use patterns on soil erosion in multi-scale watersheds A case st.pdf,Wang et al.2018,J. Geogr. Sci.,https://doi.org/10.1007/s11442-018-1553-2,Scopus,China,National,39.9042,116.3974,4,2006-2012,Daily,6,"GloREDa,CHIRPS,GPM",EI30,We developed rainfall and LU pattern indices in this study using the soil erosion evaluation index as a reference and applied them to predict the extent of this process in different-scale watersheds.,Statistical,,Increasing,+12.4%,,,Rainfall and land use patterns,Historical,,,,,,,,,,,,Low,GPM,"The rainfall erosivity factor (R) tended to increase in these areas from 2006 to 2012, while the vegetation cover and management factor (C) tended to decrease.",Sec3:Observed,,3.0,Tier3-DataOnly,llama-3.1-8b-instant,Key2,2018.0,Increasing,Statistical,Daily,China,Low,GPM,,3.0,39.9042,116.3974,Sec3: Observed Trends,,,,,,,,
Wang et al. - 2020 - Rainfall erosivity estimation using gridded daily precipitation datasets.pdf,Wang et al.2020,Hydrol. Earth Syst. Sci.,10.5194/hess-2020-633,GScholar,China,National,35.0,105.0,2000,1980-2020,Daily,40,"CPC, GPCC, CN05.1, NMIC",R-factor,"The study compared the probability density functions (PDFs) of the gridded and gauge datasets using the skill score method, quantified the bias of rainfall erosivity estimated using the gridded daily precipitation datasets from that estimated using the gauge daily precipitation dataset based on the area reduction factor (ARF) method, and established correction factors for rainfall erosivity maps generated from gridded datasets.",Statistical,Skill score method,No trend,25.1,,,,Historical,,,,,,1981-2010,,Data scarcity,Data scarcity,,Yes-QM,High,No-ground only,"The study pointed out that in the applications of gridded precipitation datasets, the empirical models established based on gauge precipitation data should not be used directly for the gridded data, or a bias correction process needed to be considered for the model outputs.",Sec2:Theory,,3.0,Tier2-Selective,llama-3.1-8b-instant,Key1,2020.0,No Trend,Statistical,Daily,China,High,Ground Only,,3.0,35.0,105.0,Sec2: Theory,,,,,,,,
"Wang et al. - 2024 - The evolution of spatial and temporal distribution of rainfall erosivity in Henan Province, central.pdf",Wang et al.2024,Scientific Reports,10.1038/s41598-024-75780-9,Scopus,"Henan Province, central China",Regional,34.75,113.65,112,1969-2022,Daily,54,"GloREDa,CHIRPS,GPM",EI30,The study utilized daily rainfall data collected over 54 years (1969–2022) from 112 rain measuring stations in Henan Province to calculate the rainfall erosivity using the Zhang model and the erosivity model from the first national water survey.,Statistical,Wavelet and Mann–Kendall tests,Increasing,+,,p<0.01,,Historical,,,,,,1969-2022,,,,,,Low,GPM,"The study found that the average rainfall erosivity (R) was 3213.46 MJ mm/(hm2 h) and that R values are positively correlated with rainfall intensity and volume, displaying an annual upward trend.",Sec4:Modelling,,4.0,Tier2-Selective,llama-3.1-8b-instant,Key2,2024.0,Increasing,Statistical,Daily,China,Low,GPM,Significant (p<0.01),4.0,34.75,113.65,Sec4: Modelling,,,,,,,,
Watene et al. - 2021 - Spatial-temporal variability of future rainfall erosivity and its impact on soil loss risk in Kenya.pdf,Watene et al.2021,Appl. Sci.,10.3390/app11219903,GScholar,Kenya,National,0.0,37.0,,1980-2020,Daily,1,"GloREDa,CHIRPS,GPM",Erosivity Density,The Revised Universal Soil Loss Equation (RUSLE) was applied to estimate future soil erosion rates at the national level based on four Coupled Model Intercomparison Project v5 (CMIP5) models under two Representative Concentration Pathway (RCP) scenarios.,Process-based,,Increasing,+39.9%,,,,RCP8.5,2080s,,,CCCMA_CANESM2,CMIP5,1981-2010,,,,,,,,This assessment provides a useful reference for preventing water erosion and improving ecosystem service security.,Sec4:Modelling,"SDG15.3,IPCC AR6,UNCCD",3.0,Tier2-Selective,llama-3.1-8b-instant,Key1,2021.0,Increasing,Process-Based,Daily,Africa,,,,3.0,0.0,37.0,Sec4: Modelling,+44.8 to +77.2%,+34.4 to +44.9%,"2030s, 2080s",19702000,4 CMIP5 models,"RCP 2.6, 8.5",HIGH,Abstract
"Weletu - 2018 - Developing empirical relationship between interrill erosion, rainfall intensity, slope gradient and.pdf",Habtamu Adenew Weletu,"Science, Technology and Arts Research Journal",http://dx.doi.org/10.4314/star.v5i1.8,RefList,Ethiopia,Local,9.09,38.085,1,2016,,1,Laboratory rainfall simulator,,"An interrill erosion experiment was conducted using laboratory rainfall simulator on three soil types (Vertisols, Cambisols and Leptosols) for the highlands of North Shewa Zone of Oromia Region.",Observation,,,,,,,Historical,,,,,,,,,,,,,No-ground only,"A model incorporating rainfall intensity, runoff rate, median soil particle diameter, % clay and quadratic form of slope factor carried higher prediction potential than the other two models and selected as the final model for predicting interrill erosion.",Sec3:Observed,,1.0,Tier4-Citation,llama-3.1-8b-instant,Key2,,,Observational,,Africa,,Ground Only,,1.0,9.09,38.085,Sec3: Observed Trends,,,,,,,,
Xie et al. - 2016 - Models for estimating daily rainfall erosivity in China.pdf,Xie et al.2016,Elsevier,https://www.sciencedirect.com/science/article/pii/S0022169416300531,Scopus,China,National,39.99,116.32,16,1980-2020,Daily,1,"GloREDa,CHIRPS,GPM",EI30,"The study parameterized models suitable for estimating erosivity from daily rainfall data, which are more widely available.",Statistical,Validation was performed using 4949 erosive events from six stations.,,-0.1,,,,Historical,,,,,,1981-2010,No downscaling,Data scarcity,Data scarcity,,,High,GPM,"Daily rainfall data was generally sufficient for estimating annual average, yearly, and half-monthly time scales, while sub-daily data was needed when estimating daily erosivity values.",Sec4:Modelling,"SDG15.3,IPCC AR6,UNCCD",3.0,Tier2-Selective,llama-3.1-8b-instant,Key1,2016.0,,Statistical,Daily,China,High,GPM,,3.0,39.99,116.32,Sec4: Modelling,,,,,,,,
Yahaya et al. - 2016 - Determination of rainfall erosivity in Penang.pdf,Yahayai et al.2016,Japanese Geotechnical Society Special Publication,http://doi.org/10.3208/jgssp.ATC1-3-05,WoS,Penang,Local,5.145783,100.4905196,2,1983-2012,Monthly,30,"Department of Drainage and Irrigation, Malaysia",Fournier index,The Fournier and Fournier’s modified index was used to derive future rainfall erosivity values by the use of average monthly rainfall amounts for elaborating an index in accordance with the universal soil loss equation.,Statistical,Mann-Kendall trend test,No trend,,,,,Historical,,,,,,1981-2010,,,,,,Low,,The result shows that there is a positive correlation between rainfall trends and soil erosivity.,Sec4:Modelling,,3.0,Tier3-DataOnly,llama-3.1-8b-instant,Key2,2016.0,No Trend,Statistical,Monthly,Other/Regional,Low,,,3.0,5.145783,100.4905196,Sec4: Modelling,,,,,,,,
Yakupoglu et al. - 2021 - Tillage impacts on initial soil erosion in wheat and sainfoin fields under simulated extreme rainfal.pdf,Yakupoglu et al.2021,Sustainability,10.3390/su13020789,GScholar,Southern Turkey,Local,37.0,37.0,2,2021,Mixed,1,Rainfall simulations,,"The main aim of this research was to determine the potential effects of different tillage systems on runoff and erosion at two different locations under (i) fallow, (ii) wheat, and (iii) sainfoin crops.",Observation,,,,,p<0.001,,,,,,,,,,,,,,,,Reduced tillage system was successful in reducing sediment yield and runoff generated from parcels growing wheat and sainfoin compared to traditional tillage in Tarsus location.,Sec3:Observed,,,Tier3-DataOnly,llama-3.1-8b-instant,Key1,2021.0,,Observational,Mixed/Event,Middle East/C. Asia,,,,,37.0,37.0,Sec3: Observed Trends,,,,,,,,
Yaswanth et al. - 2022 - Understanding the impact of changes in land-use land-cover and rainfall patterns on soil erosion rat.pdf,Kottali Yaswantha et al.2022,Journal of Water and Climate Change,10.2166/wcc.2022.016,WoS,India,Regional,17.5,82.5,1,1990-2020,Annual,30,RUSLE model,EI30,The Revised Universal Soil Loss Equation (RUSLE) model was incorporated into the Geographic Information System (GIS) database to estimate average annual soil erosion rates in the Nagavali River basin (NRB) during 1990 and 2020.,Process-based,,Increasing,+7857.21%,7857.21 t/ha/yr,,Increase in rainfall and LULC changes,Historical,,,,,,1981-2010,,,,,,Low,,"The area under the very severe erosion class increased drastically from 4.34 to 13.97%, while the area under the very slight erosion class got decreased between the years 1990 and 2020.",Sec4:Modelling,"SDG15.3, IPCC AR6, UNCCD",3.0,Tier2-Selective,llama-3.1-8b-instant,Key2,2022.0,Increasing,Process-Based,Annual,South/SE Asia,Low,,,3.0,17.5,82.5,Sec4: Modelling,,,,,,,,
Yonaba et al. - 2024 - Exploring the added value of sub-daily bias correction of high-resolution gridded rainfall datasets.pdf,Yonaba et al.2024,Hydrology,10.3390/hydrology11090132,GScholar,West African Sahel,Regional,12.0,-1.5,10,2001-2020,Half-hourly,20,IMERG,R-factor,This study evaluates the impact of sub-daily bias correction of gridded rainfall products (RPs) on the estimation rainfall erosivity in Burkina Faso (West African Sahel).,Statistical,Comparison with GloREDa estimates,No trend,,,,,Historical,,,,,,1981-2010,,Data scarcity,Data scarcity,,Yes-QM,High,GPM,"Bias correction improves the rainfall accuracy estimation for all RPs, in terms of quantitative, categorial metrics and spatial patterns.",Sec3:Observed,"SDG15.3,IPCC AR6,UNCCD",3.0,Tier2-Selective,llama-3.1-8b-instant,Key1,2024.0,No Trend,Statistical,Sub-hourly,Africa,High,GPM,,3.0,12.0,-1.5,Sec3: Observed Trends,,,,,,,,
YuPUB1574.pdf,Zhu et al.2015,Transactions of the ASABE,10.13031/trans.58.10451,WoS,Mainland China,National,,,22,1956-1984,Daily,29,China Gridded Daily Precipitation Product,EI30,This study used calculated R-factor values for a 29-year period (1956-1984) for 22 locations in mainland China to evaluate two estimators of rainfall erosivity for large-scale application of the Universal Soil Loss Equation (USLE) or the Revised USLE (RUSLE).,Statistical,Nash-Sutcliffe model efficiency,,1.7,,,,Historical,,,,,,1981-2010,,,,,,Low,,"This study shows that: (1) mean annual precipitation can be used to estimate the R-factor for mainland China, Australia, and the U.S.; and (2) a calibrated daily rainfall erosivity model performed well in estimating the seasonal and interannual variations in rainfall erosivity, in addition to the R-factor, for large-scale erosion monitoring and assessments in China.",Sec4:Modelling,,3.0,Tier2-Selective,llama-3.1-8b-instant,Key2,2015.0,,Statistical,Daily,China,Low,,,3.0,,,Sec4: Modelling,,,,,,,,
Yue et al. - 2022 - Rainfall erosivity mapping over mainland China based on high-density hourly rainfall records.pdf,Yue et al.2022,Earth Syst. Sci. Data,10.5194/essd-14-665-2022,Scopus,China,National,35.0,105.0,2381,1951-2018,Hourly,68,"GPM,CHIRPS",EI30,Hourly and daily rainfall data from 2381 stations were used to generate new R-factor and 1-in-10-year event EI30 maps for mainland China.,Statistical,Cross-validation,No trend,,,,,Historical,,,,,,1981-2010,,Data scarcity,Data scarcity,,,Low,"GPM,CHIRPS","The new R-factor map had a median absolute relative error of 16 % for the western region, compared to 162 % for the existing map.",Sec4:Modelling,,3.0,Tier3-DataOnly,llama-3.1-8b-instant,Key1,2022.0,No Trend,Statistical,Hourly,China,Low,GPM,,3.0,35.0,105.0,Sec4: Modelling,,,,,,,,
Yunita_2024_IOP_Conf._Ser._Earth_Environ._Sci._1343_012025.pdf,F T Yunita et al.2024,IOP Conf. Ser.: Earth Environ. Sci.,10.1088/1755-1315/1343/1/012025,WoS,Indonesia,National,,,,,,,,,,Statistical,,,,,,,,,,,,,,,,,,,,,,Sec2:Theory,,,Tier3-DataOnly,llama-3.1-8b-instant,Key1,2024.0,,Statistical,,South/SE Asia,,,,,,,Sec2: Theory,,,,,,,,
a2b36ba3b721f66c23e2e66412686800-123-1-1-acquaotta.pdf,Acquaotta et al.2019,Idojaras,10.28974/idojaras.2019.1.1,Scopus,Northwestern Italy,Regional,45.0703,7.6869,12,1986-2015,10-minute,17,Rain gauges,EI30,The Richardson et al. (1983) power relationship between rainfall erosivity (EI30) and daily precipitation > 10 mm (P) was used to create a newly derived daily erosivity index for each of the investigated stations. The Nash and Sutcliffe (1970) model-efficiency was used to validate the relationships between real EI30 and modeled EI30.,Statistical,Nash and Sutcliffe (1970) model-efficiency,Mixed,,,Not significant,,,,,,,,1986-2015,,,,,No,Medium,No-ground only,"The annual rainfall erosivity in Piedmont (Northwestern Italy) showed mixed trends, with more than half of the stations not showing a statistical trend. The study highlighted the importance of using detailed rainfall data for accurate estimation of rainfall erosivity.",Sec3:Observed,,4.0,Tier2-Selective,llama-3.3-70b-versatile,Key2,2019.0,Mixed,Statistical,,Europe,Medium,Ground Only,Significant (p<0.05),4.0,45.0703,7.6869,Sec3: Observed Trends,,,,,,,,
ahmad2019.pdf,Ahmad et al.2019,IOP Conf. Ser.: Earth Environ. Sci.,10.1088/1755-1315/280/1/012007,Scopus,Indonesia,Local,-2.05,120.38,,1979-2017,Daily,38,"BMKG, Global weather",R-factor,"Rainfall data was calculated using the Lenvain equation, and IDW interpolation was used to create an erosivity map.",Statistical,,Increasing,+22% and +33%,,,Climate change,,,,,,,,,,,,,,,Changes in rainfall patterns and erosivity have resulted in increasing intensity of landslides in East Luwu District.,Sec3:Observed,,4.0,Tier2-Selective,llama-3.3-70b-versatile,Key1,2019.0,Increasing,Statistical,Daily,South/SE Asia,,,,4.0,-2.05,120.38,Sec3: Observed Trends,,,,,,,,
application-of-angot-precipitation-index-in-the-assessment-4m4l8dtju3.pdf,Lukić et al.2021,Acta Geographica Slovenica,https://doi.org/10.3986/AGS.8754,Scopus,"Vojvodina Region, North Serbia",Sub-national,45.2671,19.8453,12,1946-2014,Monthly,68,Meteorological stations,Angot precipitation index,"The study used monthly and annual mean precipitation values to calculate the Angot precipitation index, which was then used to assess rainfall erosivity. Three different statistical approaches were used to analyze precipitation trends.",Statistical,,,,,p<0.05,,,,,,,,,,,,,,,No-ground only,"The study found that various susceptibility classes are identified within the observed period, with a higher presence of very severe rainfall erosion in June and July.",Sec3:Observed,,4.0,Tier2-Selective,llama-3.3-70b-versatile,Key2,2021.0,,Statistical,Monthly,Other/Regional,,Ground Only,,4.0,45.2671,19.8453,Sec3: Observed Trends,,,,,,,,
atmosphere-14-01030-v3.pdf,Zhao et al.2023,Atmosphere,10.3390/atmos14061030,Scopus,Wuding River Basin,Local,35.0,109.0,1,,Daily,30,,EI30,"The erosivity model based on daily rainfall was used to calculate RE, and the temporal and periodic characteristics of RE are studied. The effects of the Southern Oscillation Index (SOI), the Surface Temperature of the Central East Equatorial Pacific Ocean (SST), and the Multivariate ENSO Index (MEI) on RE are explored by using cross wavelet technique.",Statistical,,Not significant,60.0,,Not significant,ENSO,,,,,,,,,,,,,,,"The concentration of rainfall leads to the largest RE values in summer compared with other seasons, accumulating about 69% of the annual RE. The influence of the SOI and SST indices of ENSO events on RE is significant.",Sec3:Observed,,4.0,Tier1-Full,llama-3.3-70b-versatile,Key1,2023.0,No Trend,Statistical,Daily,Other/Regional,,,Significant (p<0.05),4.0,35.0,109.0,Sec3: Observed Trends,,,,,,,,
auerswald2015 - Copy.pdf,Auerswald et al.2015,Sci. Total Environ.,10.1016/j.scitotenv.2015.05.019,Scopus,Europe,National,,,,,,,,R factor,"Comment on “Rainfall erosivity in Europe” by Panagos et al. (Sci. Total Environ., 511, 801–814, 2015)",Review,,,,,,,,,,,,,,,,,,,,,The map by Panagos et al. (2015) has significant deficiencies and is likely to misguide users of the USLE for five reasons.,Sec2:Theory,,,Tier1-Full,llama-3.1-8b-instant,Key2,2015.0,,Review,,Europe,,,,,,,Sec2: Theory,,,,,,,,
bagalwa2021.pdf,Bagalwa et al.2021,Progress in Physical Geography,10.1177/03091333211001793,Scopus,Lake Kivu region,Regional,1.5,29.5,37,1980-2020,5-minute,37,TAHMO,EI30,An environmental regression approach (GAM) was used to assess the spatiotemporal patterns of rainfall erosivity for the whole region.,Statistical,"Validation procedure showed relatively good predictions for most months (R2 between 0.50 and 0.80), while the model was less performant for the wettest (April) and two driest months (July and August) (R2 between 0.24 and 0.38).",No trend,6.0,,p<0.01,,Historical,,,,,,1981-2010,,Data scarcity,Temporal resolution,,No,High,No-ground only,The combination of high and low temporal resolution rainfall data and spatial prediction models can be used to improve the assessments of monthly and annual rainfall erosivity patterns that are grounded in locally calibrated and validated data.,Sec4:Modelling,,4.0,Tier2-Selective,llama-3.1-8b-instant,Key1,2021.0,No Trend,Statistical,Sub-hourly,Other/Regional,High,Ground Only,Significant (p<0.01),4.0,1.5,29.5,Sec4: Modelling,,,,,,,,
ballabio2017.pdf,Ballabio et al.2016,Science of the Total Environment,10.1016/j.scitotenv.2016.11.123,Scopus,Europe,Continental,47.0,15.0,,1980-2020,Monthly,1,"REDES, WorldClim",R-factor,The modelling is based on a developed monthly Rainfall Erosivity Database at European Scale (REDES). REDES data is modelled with WorldClim covariates using Cubist regression trees.,Statistical,Cross-validation,Increasing,+100%,,p<0.01,Seasonal patterns,Historical,,,,,,1981-2010,,Model structural,Model structural,,,Low,,The monthly erosivity maps can be used to develop composite indicators that map both intra-annual variability and concentration of erosive events.,Sec4:Modelling,"SDG15.3, IPCC AR6, UNCCD",5.0,Tier1-Full,llama-3.1-8b-instant,Key2,2016.0,Increasing,Statistical,Monthly,Europe,Low,,Significant (p<0.01),5.0,47.0,15.0,Sec4: Modelling,,,,,,,,
borrelli2016.pdf,Borrelli et al.2016,International Journal of Digital Earth,10.1080/17538947.2016.1148203,WoS,Italy,National,42.5,13.5,386,1980-2020,30-minute,10,"GloREDa,CHIRPS,GPM",EI30,"Regression-kriging was used to interpolate rainfall erosivity values of the meteorological stations to an Italian rainfall erosivity map (500-m). A set of 23 environmental covariates was tested, of which seven covariates were selected based on a stepwise approach (mostly significant at the 0.01 level).",Statistical,Cross-validation data set (R2 cv = 0.777) and the fitting data set (R2 = 0.779),,60.0,,,,Historical,,,,,,1981-2010,,,,,,Low,,The interpolation method showed a good performance for both the cross-validation data set (R2 cv = 0.777) and the fitting data set (R2 = 0.779).,Sec3:Observed,"SDG15.3,IPCC AR6,UNCCD",5.0,Tier1-Full,llama-3.1-8b-instant,Key1,2016.0,,Statistical,Sub-hourly,Europe,Low,,,5.0,42.5,13.5,Sec3: Observed Trends,,,,,,,,
capra2015.pdf,Capra et al.2015,Theor Appl Climatol,10.1007/s00704-015-1697-2,WoS,South Italy,Local,38.0,16.0,48,1936-2012,Daily,76,Observed,RW-S,"The changes in rainfall erosivity have been investigated using the rainfall erosivity factor (R) proposed for USLE by Wischmeier and Smith (RW-S) and some simplified indexes (the Fournier index modified by Arnoldus, F, a regional index spatial independent, RFr, and a regional index spatial dependent, RFs) estimated by indirect approaches.",Statistical,Standard methods,Increasing,+29%,29,p<0.01,,Historical,,,,,,,,,,,,Low,,"The overall results suggest that the indexes estimated by indirect procedures (F, RFr, and RFs) should be used with caution for climate change analysis.",Sec2:Theory,,3.0,Tier2-Selective,llama-3.1-8b-instant,Key2,2015.0,Increasing,Statistical,Daily,Europe,Low,,Significant (p<0.01),3.0,38.0,16.0,Sec2: Theory,,,,,,,,
carollo2018.pdf,Carollo et al.2018,Journal of Hydrology,https://doi.org/10.1016/j.jhydrol.2018.03.026,WoS,Mediterranean,Regional,37.5,13.5,2,1980-2020,Hourly,1,"GloREDa,CHIRPS,GPM",MFI,The direct and continuous measurements of momentum and kinetic energy by a disdrometer allow also to establish a relationship with rainfall intensity at the study site.,Observation,,,,,,,Historical,,,,,,1981-2010,No downscaling,,,,,,No-ground only,The rainfall kinetic energy per unit area and time can be substituted by rainfall momentum as index for estimating the rainfall erosivity.,Sec3:Observed,,3.0,Tier3-DataOnly,llama-3.1-8b-instant,Key1,2018.0,,Observational,Hourly,Europe,,Ground Only,,3.0,37.5,13.5,Sec3: Observed Trends,,,,,,,,
chen2018.pdf,Chen et al.2017,Science of the Total Environment,10.1016/j.scitotenv.2017.10.090,Scopus,Fujian Province of southeast China,Regional,24.5,118.1,60,1980-2013,Daily,34,60 meteorological stations,EI30,Daily rainfall data from 60 meteorological stations were used to assess rainfall erosivity across southeast China.,Statistical,Correlation analyses,Increasing,,,p < 0.01,ENSO,Historical,,,,,,1981-2010,,,,,,Low,,Rainfall erosivity is stronger during El Niño events and weaker during La Niña events.,Sec3:Observed,,,Tier1-Full,llama-3.1-8b-instant,Key2,2017.0,Increasing,Statistical,Daily,China,Low,,Significant (p<0.01),,24.5,118.1,Sec3: Observed Trends,,,,,,,,
cui2020.pdf,Cui et al.2020,Hydrology Research,10.2166/nh.2020.030,Scopus,Loess Plateau of China,Regional,,,39,1971-2010,,40,HadGEM2-ES model,EI30,Statistical analyses were done using Mann–Kendall statistic tests and ordinary Kriging interpolation.,Statistical,,Decreasing,-12.4%,,p<0.1,Climate change,Historical,,,,HadGEM2-ES,,1981-2010,,,,,,Low,,The results obtained can facilitate the prediction of spatial and temporal variations in soil erosion in the Loess Plateau.,Sec3:Observed,,,Tier1-Full,llama-3.1-8b-instant,Key1,2020.0,Decreasing,Statistical,,China,Low,,,,,,Sec3: Observed Trends,,,,,,,,
d619c07c50eb1cb351a2fe29154038a1-122-4-4-lukic.pdf,Lukić et al.2018,IDŐJÁRÁS,10.28974/idojaras.2018.4.4,RefList,Netherlands,National,52.52,5.92,409,1957-2016,Daily,60,Royal Netherlands Meteorological Institute,EI30,Statistical analysis and GIS,Statistical,,Increasing,+,,p<0.05,Climate change,Historical,,,,,,1981-2010,,,,,,Low,,Rainfall erosivity is increasing in the Netherlands due to climate change.,Sec4:Modelling,,3.0,Tier3-DataOnly,llama-3.1-8b-instant,Key2,2018.0,Increasing,Statistical,Daily,Other/Regional,Low,,,3.0,52.52,5.92,Sec4: Modelling,,,,,,,,
da Silva et al. - 2011 - Spatial assessment of indices for characterizing the erosive force of rainfall in El Salvador republ.pdf,Silva et al.2011,ENVIRONMENTAL ENGINEERING SCIENCE,10.1089/ees.2010.0296,WoS,El Salvador Republic,National,13.5,-89.0,25,1980-2020,Daily,1,"GloREDa,CHIRPS,GPM",EI30,"Using pluviometric records from 25 weather stations, we applied two methods: erosivity index equation and the Fournier index.",Statistical,,,80.0,,,,Historical,,,,,,1981-2010,No downscaling,,,,,High,GPM,The erosive force in the country is concentrated mainly from May to November.,Sec3:Observed,,3.0,Tier3-DataOnly,llama-3.1-8b-instant,Key1,2011.0,,Statistical,Daily,Other/Regional,High,GPM,,3.0,13.5,-89.0,Sec3: Observed Trends,,,,,,,,
diodato2020.pdf,Diodato et al.2020,npj Climate and Atmospheric Science,10.1038/s41612-020-00144-9,Scopus,Northern Italy,Regional,45.0,12.0,1,1500-2019,Annual,420,Revised Universal Soil Loss Erosion-based data,Erosivity Density,A model consistent with a sample of detailed Revised Universal Soil Loss Erosion-based data was developed to generate the annual erosivity time-series.,Process-based,,Increasing,+12.4%,,,"Increased occurrence of short-term, cyclone-related, extreme rainfall events",Historical,,,,,,1981-2010,,,,,,,,"The modelled data show a noticeable descending trend in rainfall erosivity together with a limited inter-annual variability until ~1708, followed by a slowly increasing erosivity trend.",Sec3:Observed,,,Tier3-DataOnly,llama-3.1-8b-instant,Key2,2020.0,Increasing,Process-Based,Annual,Europe,,,,,45.0,12.0,Sec3: Observed Trends,,,,,,,,
duan2016.pdf,Panagos et al.2017,,,,Europe,Continental,,,,,Daily,,GloREDa,IDF-based,"The study used a statistical methodology to assess the rainfall erosivity, and the results were validated using the IDF-based erosivity index.",Statistical,IDF-based,Increasing,+1.2%,,p<0.01,,RCP8.5,End-century,,+15%,MPI-ESM1-2-HR,CMIP6,,CORDEX RCM,GCM spread,GCM spread,+/- 10%,No,Medium,GPM,"The rainfall erosivity in Europe is increasing, and it is projected to increase further by the end of the century.",Sec3:Observed,"UNCCD,IPCC AR6",4.0,Tier1-Full,llama-3.3-70b-versatile,Key3,2017.0,Increasing,Statistical,Daily,Europe,Medium,GPM,Significant (p<0.01),4.0,,,Sec3: Observed Trends,,,,,,,,
essd-14-2681-2022.pdf,Chen et al.2022,Earth Syst. Sci. Data,https://doi.org/10.5194/essd-14-2681-2022,GScholar,Tibetan Plateau,Regional,28.0,90.0,1787,1950-2020,Hourly,70,"ERA5, station-based",R factor,The classical algorithm for rainfall erosivity requires a continuous precipitation data series with < 15 min temporal resolution.,Statistical,Comparison with station-based estimates,No trend,42.0,,,,Historical,,,,,,1981-2010,,Systematic biases of ERA5 precipitation data,Model structural,,Yes-QM,Low,ERA5,The ERA5-based estimates have a marked tendency to underestimate annual rainfall erosivity when compared to the station-based estimates.,Sec2:Theory,,,Tier1-Full,llama-3.1-8b-instant,Key1,2022.0,No Trend,Statistical,Hourly,China,Low,,,,28.0,90.0,Sec2: Theory,,,,,,,,
esurf-10-851-2022.pdf,Pidoto et al.2022,Earth Surf. Dynam.,10.5194/esurf-10-851-2022,Scopus,Slovenia,National,46.051,14.508,,,,,,EI30,The study compares the performance of three rainfall generators and regionalisation methods for estimating rainfall erosivity at ungauged sites in Slovenia.,Statistical,,,,,,,,,,,,,,,,,,,,,The study concludes that the GWR approach combined with a suitable rainfall generator is a promising method for estimating rainfall erosivity at ungauged sites.,Sec4:Modelling,,4.0,Tier1-Full,llama-3.3-70b-versatile,Key1,2022.0,,Statistical,,Other/Regional,,,,4.0,46.051,14.508,Sec4: Modelling,,,,,,,,
gericke2019 - Copy.pdf,Gericke et al.2019,Water,10.3390/w11050904,Scopus,NE Germany,Sub-national,52.52,13.405,22,1980-2019,Sub-hourly,39,EURO-CORDEX,R factor,The study used a regression model to estimate R factors from summer rainfall and compared it with calculated R factors from 10-min rainfall data. The model was then applied to estimate future R factors using climate projections from 15 climate models and two representative concentration pathways (RCP).,Statistical,Comparison with calculated R factors,Increasing,+40%,,p<0.01,Climate change,RCP8.5,Mid-century,,,EURO-CORDEX,CMIP5,1981-2010,CORDEX RCM,"Climate model, RCP, and bias correction",Model structural,,Yes-QM,Medium,No-ground only,The study found that the existing regression model underestimated the calculated R factors by 40% and that using heavy-rainfall sums instead of total sums explained the variability of current R factors better.,Sec3:Observed,Common Agricultural Policy (CAP) of the European Union,4.0,Tier1-Full,llama-3.3-70b-versatile,Key2,2019.0,Increasing,Statistical,Sub-hourly,Europe,Medium,Ground Only,Significant (p<0.01),4.0,52.52,13.405,Sec3: Observed Trends,,,,,,,,
gmd-8-2893-2015.pdf,Naipal et al.2015,Geosci. Model Dev.,10.5194/gmd-8-2893-2015,WoS,Global,Global,,,,,,,,Other,The study adjusted the topographical and rainfall erosivity factors of the RUSLE model and compared the resulting erosion rates to extensive empirical databases from the USA and Europe.,Statistical,,,,,,,,,,,,,,,,,,,,,The adjusted RUSLE model shows a global higher mean erosion rate and more variability in the erosion rates compared to the unadjusted version.,Sec3:Observed,UNCCD,4.0,Tier1-Full,llama-3.3-70b-versatile,Key1,2015.0,,Statistical,,Global,,,,4.0,,,Sec3: Observed Trends,,,,,,,,
gu2018 - Copy.pdf,Gu et al.2018,Theoretical and Applied Climatology,https://doi.org/10.1007/s00704-018-2460-2,WoS,China,National,29.0,115.0,57,1961-2014,Daily,54,"GloREDa,CHIRPS,GPM",EI30,"The spatiotemporal variations of rainfall erosivity from 1961 to 2014 based on 57 meteorological stations were detected using the Mann–Kendall test, linear regression, and kriging interpolation method.",Statistical,"Mann–Kendall test, linear regression, and kriging interpolation method",Increasing,+8.0%,2.1%,p < 0.05,Human activities,Historical,,,,,,1961-1984,,,,,,Low,,"Human activities decreased 50.2 and 69.7% of sediment load during the last two periods, which indicated effects of human activities on sediment load change was much larger than that of rainfall erosivity variability in the PYLB.",Sec4:Modelling,,4.0,Tier2-Selective,llama-3.1-8b-instant,Key2,2018.0,Increasing,Statistical,Daily,China,Low,,Significant (p<0.05),4.0,29.0,115.0,Sec4: Modelling,,,,,,,,
gu2020.pdf,Gu et al.2020,Water,10.3390/w12010200,GScholar,Tibetan Plateau,Regional,28.0,90.0,38,1981-2015,Daily,35,GPM,EI30,Daily precipitation data from 38 meteorological stations in the Tibetan Plateau were selected for calculation of annual and seasonal rainfall erosivity.,Statistical,"Mann–Kendall trend test, Sen’s slope, trend coefficient, and climate tendency rate indicators",Decreasing,-,-,p<0.01,Climate change,Historical,,-,-,,,1981-2010,,Data scarcity,Temporal resolution,-,No,High,GPM,The spatial distribution of rainfall erosivity in the Tibetan Plateau exhibited a significant decreasing trend from southeast to northwest.,Sec3:Observed,,3.0,Tier3-DataOnly,llama-3.1-8b-instant,Key1,2020.0,Decreasing,Statistical,Daily,China,High,GPM,Significant (p<0.01),3.0,28.0,90.0,Sec3: Observed Trends,,,,,,,,
hess-24-5407-2020.pdf,Dai et al.2020,Hydrol. Earth Syst. Sci.,https://doi.org/10.5194/hess-24-5407-2020,GScholar,Global,Regional,,,304,2013-2017,Monthly,5,WRF,Erosivity Density,A novel method for large-scale and long-term rainfall erosivity investigations based on the Weather Research and Forecasting (WRF) model.,Process-based,Two disdrometers and 304 rain gauges around the United Kingdom,,,,,,Historical,,,,,,,,,,,,Low,,The proposed methodology makes a significant contribution to improving large-scale soil erosion estimation and for better understanding microphysical rainfall–soil interactions to support the rational formulation of soil and water conservation planning.,Sec4:Modelling,,,Tier1-Full,llama-3.1-8b-instant,Key2,2020.0,,Process-Based,Monthly,Global,Low,,,,,,Sec4: Modelling,,,,,,,,
hoomehr2016.pdf,Hoomehr et al.2015,Catena,10.1016/j.catena.2015.01.012,WoS,"Southern Appalachian region, USA",Regional,35.7,-84.2,1,"1959-2000, 2010-2099",Daily,40,"CCSM, CLIGEN",R-factor,Spatial–temporal statistical downscaling using CCSM GCM and CLIGEN stochastic weather generator,Statistical,,Increasing,+7% to +49%,4085 to 6281.3 MJ mm h−1 ha−1,,Climate change,"A1FI, A1B, B1",2099,,,CCSM,,1959-2000,Statistical downscaling,,,,,Low,No satellite data used,Projected erosivities suggest that by about 2099 the annual rainfall erosivity in the study region will be about the same as what is currently experienced in northern to central Alabama.,Sec4:Modelling,,,Tier1-Full,llama-3.1-8b-instant,Key1,2015.0,Increasing,Statistical,Daily,North America,Low,Ground Only,,,35.7,-84.2,Sec4: Modelling,+49% (A1FI),+7% to +28%,20102099,19592000,CCSM,"A1FI, A1B, B1",HIGH,Abstract
ijerph-18-11054-v3.pdf,Cui et al.2021,International Journal of Environmental Research and Public Health,10.3390/ijerph182111054,GScholar,Tibetan Plateau,Regional,28.0,90.0,91,1971-2020,Daily,50,"GloREDa,CHIRPS,GPM",EI30,"The analysis combines co-kriging interpolation, Sen’s slope estimator, and the Mann–Kendall trend test to investigate the spatiotemporal patten of rainfall erosivity across the TP.",Statistical,,Increasing,+12.4%,,p<0.01,ENSO,Historical,,,,,,1981-2010,,,,,,Low,GPM,The rainfall erosivity on the whole TP was relatively high during non-ENSO periods and relatively low during El Niño/La Niña periods.,Sec4:Modelling,"SDG15.3,IPCC AR6,UNCCD",3.0,Tier2-Selective,llama-3.1-8b-instant,Key2,2021.0,Increasing,Statistical,Daily,China,Low,GPM,Significant (p<0.01),3.0,28.0,90.0,Sec4: Modelling,,,,,,,,
jones2014.pdf,Jones et al.2014,Stoch Environ Res Risk Assess,10.1007/s00477-014-0891-6,WoS,Global,Continental,,,,,,,,,,Statistical,,,,,,,,,,,,,,,,,,,,,,Sec4:Modelling,,,Tier1-Full,llama-3.1-8b-instant,Key1,2014.0,,Statistical,,Global,,,,,,,Sec4: Modelling,,,,,,,,
kreklow2020.pdf,Kreklow et al.2020,Water,10.3390/w12051424,GScholar,Germany,National,51.5,9.5,1,1980-2020,30-minute,10,RADKLIM,EI30,Radar climatology data with a spatiotemporal resolution of 1 km2 and 5 min are used alongside rain gauge data to compare erosivity estimation methods used in erosion control practice.,Statistical,,Increasing,+12.4%,,p<0.01,Climate change,Historical,,,,,,1981-2010,,Data quality,Model structural,,,Low,RADKLIM,"Radar climatology data show a high potential to improve rainfall erosivity estimations, but uncertainties regarding data quality and a need for further research on data correction approaches are becoming evident.",Sec4:Modelling,,4.0,Tier2-Selective,llama-3.1-8b-instant,Key2,2020.0,Increasing,Statistical,Sub-hourly,Europe,Low,,Significant (p<0.01),4.0,51.5,9.5,Sec4: Modelling,,,,,,,,
land-12-01435-v2.pdf,Liang et al.2023,Land,10.3390/land12071435,GScholar,Hengduan Mountains,Regional,28.5,101.5,30,1980-2020,Daily,30,"GloREDa,CHIRPS,GPM",EI30,"This study examines the spatiotemporal variations of rainfall erosivity in the Hengduan Mountains, known for their rugged terrain and high potential for soil erosion risks, over the past 30 years.",Statistical,,Decreasing,-12.4%,,p<0.01,Increased precipitation and erosive rainfall events,SSP2-4.5,2050s,Significantly increase,,MPI-ESM1-2-HR,CMIP6,1981-2010,CORDEX RCM,GCM spread,Model structural,+/-15%,,Low,GPM,"Rainfall erosivity is expected to significantly increase in the future, posing a more severe risk of soil erosion in this region.",Sec4:Modelling,"SDG15.3,IPCC AR6,UNCCD",4.0,Tier2-Selective,llama-3.1-8b-instant,Key1,2023.0,Decreasing,Statistical,Daily,Other/Regional,Low,GPM,Significant (p<0.01),4.0,28.5,101.5,Sec4: Modelling,,,,,,,,
li2021.pdf,Li et al.2021,Environmental Science and Pollution Research,https://doi.org/10.1007/s11356-021-15639-y,WoS,"Beijing, China",Local,39.9042,116.4074,117,1901-2017,Monthly,117,Meteorological stations,EI30,"Theil-Sen median analysis (Sen), the Mann–Kendall (MK) trend test, R/S analysis method, cumulative anomaly method, MK mutation test method, Pettitt test, and wavelet analysis",Statistical,Cross-validation,Decreasing,86.0,,p<0.01,,Historical,,,,,,,,,,,,Low,,"The average annual rainfall erosivity in Beijing ranged from 1080.6 to 6432.78 MJ • mm/(hm2 • h • a), with an average value of 3465.06 MJ • mm/(hm2 • h • a), showing a gradual decrease from the southeast to northwest.",Sec3:Observed,,,Tier1-Full,llama-3.1-8b-instant,Key2,2021.0,Decreasing,Statistical,Monthly,China,Low,,Significant (p<0.01),,39.9042,116.4074,Sec3: Observed Trends,,,,,,,,
liu2018.pdf,Liua et al.2018,Catena,10.1016/j.catena.2018.04.015,WoS,China,Regional,34.25,108.75,1,1980-2020,Daily,40,"GloREDa,CHIRPS,GPM",EI30,"The cross wavelet technique was used to explore the relations among annual rainfall, large-scale atmospheric circulation patterns and rainfall erosivity.",Process-based,,Increasing,+12.4%,,p<0.01,El Niño-Southern Oscillation and Pacific Decadal Oscillation,Historical,,,,,,1981-2010,,,,,,Low,GPM,"Changing rainfall erosivity had negligible impacts on the variation of vegetation cover, but has detectable influence on sediment discharge.",Sec4:Modelling,"SDG15.3,IPCC AR6,UNCCD",4.0,Tier2-Selective,llama-3.1-8b-instant,Key1,2018.0,Increasing,Process-Based,Daily,China,Low,GPM,Significant (p<0.01),4.0,34.25,108.75,Sec4: Modelling,,,,,,,,
lobo2018.pdf,Lobo and Bonilla 2018,Environmental Research,https://doi.org/10.1016/j.envres.2018.08.009,Scopus,Central Chile,Local,-33.456,-70.648,28,,Sub-hourly,,Measured precipitation data,Event-based rainfall erosivity,"A statistical equation for computing event-based rainfall erosivity was developed using the product of the total precipitation P and the maximum 0.5-h rainfall intensity, I0.5.",Statistical,The equation was calibrated using measured precipitation data from 28 sites in Central Chile and then tested with simulated data,,75.0,,,,,,,,,,,CLIGEN weather generator,,,,,,,"The equation consistently provided R2 values of 0.99 for every dataset used, revealing its robustness when used in potential climate change scenarios",Sec3:Observed,,4.0,Tier1-Full,llama-3.3-70b-versatile,Key2,2018.0,,Statistical,Sub-hourly,Americas,,,,4.0,-33.456,-70.648,Sec3: Observed Trends,,,,,,,,
matthews2022.pdf,Matthews et al.2022,Catena,10.1016/j.catena.2022.106157,Scopus,Europe,Continental,48.8567,2.2945,1181,,Mixed,,REDES,EI30,"A two-step modelling process was used, first fitting optimal monthly models between gauge-recorded rainfall depth and rainfall erosivity, then evaluating three gridded datasets via a grid-to-point analysis.",Statistical,Grid-to-point analysis,,50.0,,p<0.01,,,,,,,,,,,,,,,,The EMO-5 dataset outperformed other tested gridded datasets in simulating event-scale rainfall erosivity across European climatic regions.,Sec3:Observed,"UN Sustainable Development Goals, European Green Deal",4.0,Tier1-Full,llama-3.3-70b-versatile,Key1,2022.0,,Statistical,Mixed/Event,Europe,,,,4.0,48.8567,2.2945,Sec3: Observed Trends,,,,,,,,
melville2022.pdf,Melville et al.2022,Earth Science Informatics,10.1007/s12145-022-00773-z,Scopus,Trinidad and Tobago,National,10.691,-61.399,1,,Sub-hourly,,GPM IMERG,EI30,"The study used a Storm Event Tool (SE-TOOL) in the ArcGIS environment using Python scripts to automate the processing of sub-hourly precipitation data. The methodological approach integrated Python Scripts, Model Builder, geostatistical analytics and GPM IMERG data to calculate the erosivity indices.",Remote Sensing,Comparison with Automated Weather Station data,,,,p<0.05,,,,,,,,,,,,,,High,GPM,The study found that the mean EI30 index was 5080 MJ-mm-/ha-h and the Kinetic Energy greater than 25 mm (KE >25) index recorded a mean erosivity of 1928 MJ/ha. The EI30 was determined to be the more appropriate erosivity index for predicting soil loss in the HuT-SIDS.,Sec3:Observed,,4.0,Tier1-Full,llama-3.3-70b-versatile,Key2,2022.0,,Remote Sensing,Sub-hourly,Other/Regional,High,GPM,,4.0,10.691,-61.399,Sec3: Observed Trends,,,,,,,,
mondal2016.pdf,Mondal et al.2016,International Soil and Water Conservation Research,10.1016/j.iswcr.2016.08.004,Scopus,Central India,Sub-national,22.9667,79.0667,9,past and future,Daily,100,GCMs,R factor,"Statistical DownScaling Model (SDSM) was used to generate projected rainfall, and the Mann-Kendall test was used to analyze trends.",Statistical,Mann-Kendall test,Increasing,+20.95-202.40%,,p<0.05,climate change,"A2 and B2 scenario, A1B and A2 scenario",2080s,,,"HadCM3, CGCM3",CMIP3,,Statistical DownScaling Model (SDSM),"GCM spread, scenario uncertainty",GCM spread,,No,Medium,No,"Rainfall erosivity has increased due to the projected increase in the future rainfall, and the outputs of this paper can be helpful for decision makers to manage soil water conservation.",Sec3:Observed,,4.0,Tier2-Selective,llama-3.3-70b-versatile,Key1,2016.0,Increasing,Statistical,Daily,South/SE Asia,Medium,Ground Only,Significant (p<0.05),4.0,22.9667,79.0667,Sec3: Observed Trends,,,,,,,,
nasidi2020.pdf,Nasidi et al.2020,Modeling Earth Systems and Environment,10.1007/s40808-020-00917-4,WoS,"Cameron Highlands, Malaysia",Local,4.5,101.7,20,1980-2020,Hourly,40,GCMs,MFI,"The study employed 20 GCMs, four RCPs scenarios, and two projection timescales (2050s and 2080s).",Process-based,Coefficient of determination between observed and simulated rainfalls (92%),Increasing,+4.7% to +122%,6292 MJmmha−1 hr−1 yr−1,p<0.01,Climate change,RCP8.5,2080s,4.72–35.8%,6292 MJmmha−1 hr−1 yr−1,ensemble of 20 GCMs,,1981-2010,,GCM spread,Model structural,+/-15%,,Low,,A potential increase in rainfall erosivity and availability of water resources influenced by climate change.,Sec4:Modelling,,4.0,Tier2-Selective,llama-3.1-8b-instant,Key2,2020.0,Increasing,Process-Based,Hourly,South/SE Asia,Low,,Significant (p<0.01),4.0,4.5,101.7,Sec4: Modelling,,,,,,,,
nearing2017.pdf,Nearing et al.2017,Catena,10.1016/j.catena.2017.06.004,WoS,Global,Global,,,,Historical,Mixed,,USDA Soil Conservation Service,EI30,The USLE erosivity combines the energy of the rainfall and the maximum continuous 30-min intensity in the event.,Statistical,,,,,,,Historical,,,,,,,,,,,,,,The USLE erosivity empirically explains much of the variance in the soil loss from natural rainfall erosion plots.,Sec2:Theory,,,Tier4-Citation,llama-3.1-8b-instant,Key1,2017.0,,Statistical,Mixed/Event,Global,,,,,,,Sec2: Theory,,,,,,,,
nh0531357.pdf,Jianga et al.2022,Hydrology Research,10.2166/nh.2022.038,WoS,China,Regional,29.58,105.37,1,1980-2020,Daily,41,"GloREDa,CHIRPS,GPM",EI30,"Daily erosive precipitation, from 1980 to 2020, was categorized into four intensity levels (light, moderate, heavy, and very heavy), as well as extreme rainfall, to understand their contribution to erosivity.",Statistical,Mann–Kendall test,Decreasing,-24.3%,,p < 0.05,Reservoir impoundment,Historical,,,,,,1981-2010,,,,,,Low,GPM,"Heavy rainfall (including extreme rainfall) was reduced, and annual precipitation and erosivity both had a more even seasonal distribution following reservoir impoundment.",Sec3:Observed,"SDG15.3,IPCC AR6,UNCCD",4.0,Tier2-Selective,llama-3.1-8b-instant,Key2,2022.0,Decreasing,Statistical,Daily,China,Low,GPM,Significant (p<0.05),4.0,29.58,105.37,Sec3: Observed Trends,,,,,,,,
panagos2016.pdf,Panagos et al.2016,Water,10.3390/w8040119,GScholar,Europe,Continental,47.0,15.0,140,1980-2020,Monthly,1,REDES,R-factor,"The monthly aspect of rainfall erosivity has been added to REDES. Rainfall erosivity is crucial to be considered at a monthly resolution, for the optimization of land management (seasonal variation of vegetation cover and agricultural support practices) as well as natural hazard protection (landslides and flood prediction).",Statistical,,,53.0,,,,Historical,,,,,,1981-2010,,,,,,Low,No-ground only,"The study presents the spatial patterns of monthly rainfall erosivity in European Union and Switzerland. Moreover, the study presents the regions and seasons under threat of rainfall erosivity.",Sec3:Observed,"SDG15.3,IPCC AR6,UNCCD",3.0,Tier2-Selective,llama-3.1-8b-instant,Key1,2016.0,,Statistical,Monthly,Europe,Low,Ground Only,,3.0,47.0,15.0,Sec3: Observed Trends,,,,,,,,
petek2018.pdf,"Petek M, Mikoš M, Bezak N",Environmental Research,10.1016/j.envres.2018.08.020,WoS,Slovenia,National,46.05,14.5,10,1980-2020,Monthly,69,"GloREDa,CHIRPS,GPM",EI30,Five-minute rainfall data was analysed from 10 Slovenian rainfall stations with data-length availability longer than 25 years.,Statistical,,No trend,20.0,,Not significant,,Historical,,,,,,1981-2010,No downscaling,,,,,Low,No-ground only,Rainfall erosivity trends for the selected Slovenian stations are mostly statistically insignificant.,Sec3:Observed,,4.0,Tier2-Selective,llama-3.1-8b-instant,Key2,,No Trend,Statistical,Monthly,Other/Regional,Low,Ground Only,Significant (p<0.05),4.0,46.05,14.5,Sec3: Observed Trends,,,,,,,,
plangoen2017.pdf,Plangoen Pheerawat et al.2017,Atmosphere,10.3390/atmos8080143,GScholar,Global,Regional,,,,1982-2005,Monthly,24,IPCC AR5,EI30,The Quantile mapping method is used as a downscaling technique to generate future precipitation scenarios which enable the estimation of future rainfall erosivity under possible changes in climatic conditions.,Statistical,,Increasing,"+12% in 2030s, +24% in 2050s, +43% in 2070s, +41% in 2090s",,,Climate change,RCP4.5 and RCP8.5,"2030s, 2050s, 2070s, 2090s",,,"CCSM4, CSIRO-MK3.6.0, MRI-CGCM3",CMIP5,1981-2010,Quantile mapping,GCM spread,Model structural,,,,,"The results indicate that the average of each General Circulation Model (GCM) combination shows a rise in the average annual rainfall erosivity for all four future time scales, as compared to the baseline of 8302 MJ mm ha−1 h−1 year−1.",Sec4:Modelling,,,Tier1-Full,llama-3.1-8b-instant,Key1,2017.0,Increasing,Statistical,Monthly,Global,,,,,,,Sec4: Modelling,+11.8 to +82.6%,-2.3 to +50.6%,2030s2090s,19822005,"CCSM4, CSIRO, MRI","RCP 4.5, 8.5",HIGH,Abstract
qin2016.pdf,Qin et al.2016,Catena,10.1016/j.catena.2016.07.006,WoS,Mainland China,National,35.0,105.0,756,1951-2010,Daily,60,National weather stations,EI30,"Sixteen spatial interpolation methods were compared to select the most suitable one for accurately mapping the spatial distribution of rainfall erosivity, and the Mann-Kendall test was employed to detect the temporal trends.",Statistical,Mann-Kendall test,Increasing,,,p<0.01,,Historical,,,,,,,,,,,,Low,No-ground only,This study offers useful information both for soil erosion prediction and land management practices of mainland China.,Sec4:Modelling,,,Tier1-Full,llama-3.1-8b-instant,Key2,2016.0,Increasing,Statistical,Daily,China,Low,Ground Only,Significant (p<0.01),,35.0,105.0,Sec4: Modelling,,,,,,,,
remotesensing-16-00661.pdf,Li et al.2024,Remote Sens.,https://doi.org/10.3390/rs16040661,GScholar,"Loess Plateau, China",Regional,,,,1961–2100,Monthly,40 years,GCM models,EI30,Climate change was widely evaluated and 10 preferred global climate models in the Loess Plateau were selected by using the data sets of 27 models simulating climate change and the CN05.1 data set provided by the latest CMIP6.,Process-based,,Increasing,+13.48–25.86%,,p<0.01,Climate change,"SSP1-1.9, SSP1-2.6, SSP2-4.5, SSP3-7.0, SSP5-8.5",2100,,,"CMCC-CM2-SR5, CMCC-ESM2, TaiESM1, EC-Earth3, EC-Earth-Veg-LR, INM-CM4-8, CAS-ESM2-0, EC-Earth-Veg, ACCESS-ESM1-5, IPSL-CM6A-LR",CMIP6,1961–1990,Delta downscaling method,,,,,,,This study offers a scientific reference for the projected future erosivity characteristics of the Loess Plateau.,Sec4:Modelling,,,Tier1-Full,llama-3.1-8b-instant,Key1,2024.0,Increasing,Process-Based,Monthly,China,,,Significant (p<0.01),,,,Sec4: Modelling,,,,,,,,
rutebuka2020.pdf,Rutebuka et al.2020,Catena,https://doi.org/10.1016/j.catena.2020.104538,WoS,Rwanda,National,1.5,29.5,5,1980-1989,Daily,40,"GloREDa,CHIRPS,GPM",EI30,Calibration and validation of rainfall erosivity estimators for application in Rwanda,Statistical,Reference dataset constituted mid-term average (1980–1989) monthly REI30 erosivities reported by Ryumugabe and Berding (1992),,,,p<0.05,,Historical,,,,,,1981-2010,,Data scarcity,Data scarcity,,,Low,No-ground only,"The daily power function adopting monthly-calibrated coeﬃcients (Model 1 by Richardson et al., 1983) proved most suited to capture the irregular patterns in erosivity densities, reported at most stations.",Sec4:Modelling,"SDG15.3,IPCC AR6,UNCCD",3.0,Tier2-Selective,llama-3.1-8b-instant,Key2,2020.0,,Statistical,Daily,Africa,Low,Ground Only,,3.0,1.5,29.5,Sec4: Modelling,,,,,,,,
s00024-023-03360-5.pdf,Hallouz et al.2023,Pure Appl. Geophys.,10.1007/s00024-023-03360-5,WoS,Northern Algeria,Regional,36.0,1.0,33,1941-2016,Daily,76,Pluviometric stations,MFI,A hybrid approach that combines empirical and modeling techniques.,Statistical,,,,,,,Historical,,,,,,,,,,,,,No-ground only,"This research provides valuable insights into rainfall erosivity patterns in Northern Algeria, aiding in the identification of high-risk areas and supporting sustainable land management strategies.",Sec2:Theory,,,Tier3-DataOnly,llama-3.1-8b-instant,Key1,2023.0,,Statistical,Daily,Other/Regional,,Ground Only,,,36.0,1.0,Sec2: Theory,,,,,,,,
s10668-024-05286-x.pdf,Islam et al.2024,"Environment, Development and Sustainability",10.1007/s10668-024-05286-x,Scopus,"Jhelum Catchment, India",Local,,,,2020-2090,,70 years,GCM data,Rainfall Erosivity (R),A GCM-based analysis was conducted to assess the long-term impacts of climate change on rainfall erosivity in the Jhelum Catchment.,Process-based,,Increasing,+51.4%,753.763 MJ-mm/ha/h/yr,p<0.01,climate change,SSP585,2090,,1551.57 MJ-mm/ha/h/yr,"ACCESS-CM2, CanESM5, INM-CM5-0, IPSL-CM6A-LR, MPI-ESM1-2-HR, MPI-ESM1-2-LR",CMIP6,1981-2010,,,,,,High,,"The study reveals a progressive rise in Rainfall Erosivity (R) values, indicating heightened susceptibility to soil erosion from 2020 to 2090.",Sec4:Modelling,"SDG15.3, IPCC AR6, UNCCD",,Tier1-Full,llama-3.1-8b-instant,Key2,2024.0,Increasing,Process-Based,,South/SE Asia,High,,Significant (p<0.01),,,,Sec4: Modelling,,,,,,,,
shi2021.pdf,Shi et al.2021,Catena,10.1016/j.catena.2021.105268,WoS,China,Regional,29.0,106.0,1,1980-2020,Daily,1,"GloREDa,CHIRPS,GPM",EI30,A daily rainfall erosivity model and field runoff plot monitoring were used to achieve these goals.,Process-based,,,89.7,,,,Historical,,,,,,1981-2010,No downscaling,,,,,,No-ground only,"The annual soil erosion in the study area can be divided into three periods, namely, highly sensitive periods, moderately sensitive periods and slightly sensitive periods, which indicate the erosion risks from high to low, respectively.",Sec3:Observed,,3.0,Tier3-DataOnly,llama-3.1-8b-instant,Key1,2021.0,,Process-Based,Daily,China,,Ground Only,,3.0,29.0,106.0,Sec3: Observed Trends,,,,,,,,
sustainability-13-13355.pdf,Micić Ponjiger et al.2021,Sustainability,10.3390/su132313355,GScholar,Central and Southern Pannonian Basin,Regional,45.0,20.0,14,1961-2014,Daily,54,Station observations and gridded datasets,RE and ED,Using station observations and gridded datasets to assess RE and ED,Statistical,,Increasing,0.20-21.17 MJ·mm·ha−1·h−1,,p<0.01,North Atlantic Oscillation (NAO),Historical,,,,,,,,,,,,,,Identified seasons and places of greatest erosion risk,Sec4:Modelling,,,Tier1-Full,llama-3.1-8b-instant,Key2,2021.0,Increasing,Statistical,Daily,Europe,,,Significant (p<0.01),,45.0,20.0,Sec4: Modelling,,,,,,,,
talchabhadel2020.pdf,Talchabhadel et al.2020,Modeling Earth Systems and Environment,10.1007/s40808-020-00787-w,WoS,Nepal,Regional,27.5,84.5,1,1986-2015,Daily,30,GPM,EI30,The study developed an estimation model using daily rainfall data employing De Santos Loureiro and De Azevedo Coutinho (2001)’s approach.,Statistical,Calibration and validation using 2011-2013 and 2014-2015 data,Increasing,+10%,351.46,p<0.01,Climate change,RCP4.5 and RCP8.5,Far-future (2075-2099),+10%,+10%,Five climate models,CMIP5,1981-2010,No downscaling,Model structural uncertainty,Model structural,+/-15%,No,Low,GPM,The estimated mean annual R-factor of the study area was 3514.6 MJ mm ha-1 h-1 year-1 during the baseline and is expected to increase by 10% under both warming scenarios during the far-future time period.,Sec4:Modelling,"SDG15.3, IPCC AR6, UNCCD",4.0,Tier2-Selective,llama-3.1-8b-instant,Key1,2020.0,Increasing,Statistical,Daily,South/SE Asia,Low,GPM,Significant (p<0.01),4.0,27.5,84.5,Sec4: Modelling,,,,,,,,
tiwari2015.pdf,Tiwari et al.2015,Journal of Applied Water Engineering and Research,10.1080/23249676.2015.1064038,WoS,India,National,17.0,80.0,52,101 years,Monthly,101,GloREDa,EI30,"The rainfall erosivity factor (R) is generally determined by calculating the kinetic energy for each equal intensity period of a rainstorm, times the rainfall amount for the given period then added and multiplied by the maximum 30-minute intensity of the storm.",Process-based,,,,,,,Historical,,,,,,,No downscaling,,,,,Low,No-ground only,"The rainfall erosivity factor map can facilitate agriculturists and soil conservationists to identify rainfall erosivity potential at diverse locations, and thereby apply obligatory safety measures to minimize soil erosion.",Sec3:Observed,,3.0,Tier3-DataOnly,llama-3.1-8b-instant,Key2,2015.0,,Process-Based,Monthly,South/SE Asia,Low,Ground Only,,3.0,17.0,80.0,Sec3: Observed Trends,,,,,,,,
vantas2019.pdf,Vantas et al.2019,Water,10.3390/w11051050,GScholar,Greece,National,40.0,22.0,108,1980-2020,Daily,10,Greek National Bank of Hydrological and Meteorological Information,Erosivity Density,"The rainfall data were analyzed and erosive rainfalls were identified, their return period was determined using intensity–duration–frequency curves and R and ED values were computed.",Statistical,Kendall’s Tau test,No trend,,,p<0.01,,Historical,,,,,,1981-2010,,Data scarcity,Data scarcity,,No,High,No-ground only,ED should be preferred for the assessment of erosivity in Greece over the direct computation of R.,Sec4:Modelling,,4.0,Tier2-Selective,llama-3.1-8b-instant,Key1,2019.0,No Trend,Statistical,Daily,Europe,High,Ground Only,Significant (p<0.01),4.0,40.0,22.0,Sec4: Modelling,,,,,,,,
vantas2020.pdf,Vantas et al.2020,Water,10.3390/w12030687,GScholar,Global,Regional,37.9792,23.7278,5,1971-2000,Monthly,30,"GloREDa,CHIRPS,GPM",EI30,"Spatial Quantile Regression Forests was utilized and validated, in order to create maps of R and its uncertainty using error propagation.",Statistical,error propagation,,,,,,Historical,,,,ensemble of 5,,1981-2010,CORDEX RCM,Model structural,Model structural,,,High,GPM,"The mean annual R in Greece is 1039 MJ·mm/ha/h/y, with a range between 405.1 and 3160.2 MJ·mm/ha/h/y.",Sec4:Modelling,"SDG15.3,IPCC AR6,UNCCD",3.0,Tier2-Selective,llama-3.1-8b-instant,Key2,2020.0,,Statistical,Monthly,Global,High,GPM,,3.0,37.9792,23.7278,Sec4: Modelling,,,,,,,,
wang2016.pdf,Wang et al.2017,J. Geogr. Sci.,10.1007/s11442-017-1376-6,WoS,China,National,39.9042,116.3974,5,1980-2020,Sub-hourly,40,"GloREDa,CHIRPS,GPM",EI30,The authors analyzed the performance of a modified Richardson model that incorporated seasonal variations in parameters α and β.,Statistical,,,27.18,,,,Historical,,,,,,1981-2010,No downscaling,,,,,,,The newly modified model is highly recommended when monthly rainfall erosivity is required.,Sec3:Observed,,,Tier3-DataOnly,llama-3.1-8b-instant,Key1,2017.0,,Statistical,Sub-hourly,China,,,,,39.9042,116.3974,Sec3: Observed Trends,,,,,,,,
water-15-02408.pdf,Zhu et al.2023,Water,10.3390/w15132408,GScholar,Southern China,Regional,23.0,105.0,212,1961-2020,Daily,60,"GloREDa,CHIRPS,GPM",EI30,Correlation analysis was applied to study the impact of global extreme climate events on the ACI.,Statistical,,No trend,2.0,,p<0.01,,Historical,,,,,,,,,,,,Low,GPM,The asymmetric characteristic of extreme rainfall erosion was analyzed and expressed by an asymmetric change index (ACI) defined in this study.,Sec3:Observed,,3.0,Tier3-DataOnly,llama-3.1-8b-instant,Key1,2023.0,No Trend,Statistical,Daily,China,Low,GPM,,3.0,23.0,105.0,Sec3: Observed Trends,,,,,,,,
wei2009.pdf,Wei et al.2009,Hydrol. Process.,10.1002/hyp.7294,WoS,NW China,Local,,,15,1986-2005,Mixed,20,field measurements,,"The authors analyzed 158 natural rainfall events from 1986 to 2005, using rain depth and maximal 30-min intensity (MI30) to define rainfall extremes (RE).",Observation,,,,,,,Historical,,,,,,,,,,,,Low,No-ground only,"The authors found that rainfall extremes (RE) caused severer soil-water loss, and that vegetation types had different buffering capacities against RE.",Sec3:Observed,,,Tier3-DataOnly,llama-3.1-8b-instant,Key2,2009.0,,Observational,Mixed/Event,China,Low,Ground Only,,,,,Sec3: Observed Trends,,,,,,,,
xie2016.pdf,Xie et al.2016,Journal of Hydrology,10.1016/j.jhydrol.2016.02.020,WoS,China,National,,,16,1980-2020,Daily,1,GPM,EI30,The authors developed three models to estimate daily rainfall erosivity in China using one-minute resolution rainfall data from 16 stations. The models were parameterized using 5942 erosive events from 10 stations and validated using 4949 erosive events from 6 stations.,Statistical,Cross-validation,,127.8,,,,Historical,,,,,,1981-2010,,Model structural,Model structural,,No,Low,GPM,The authors developed three models to estimate daily rainfall erosivity in China using one-minute resolution rainfall data from 16 stations.,Sec3:Observed,,3.0,Tier3-DataOnly,llama-3.1-8b-instant,Key1,2016.0,,Statistical,Daily,China,Low,GPM,,3.0,,,Sec3: Observed Trends,,,,,,,,
zhu2019.pdf,Zhu et al.2019,Int J Climatol,10.1002/joc.6266,WoS,Australian Alpine region,Regional,-33.0,147.0,1,1980-2020,Daily,50,NARCliM,EI30,The revised universal soil loss equation and the NSW/ACT Regional Climate Modeling (NARCliM) projections were used to estimate rainfall erosivity and hillslope erosion.,Process-based,,Increasing,+2%,,p<0.01,Climate change,Historical,Mid-century,+8%,+18%,NARCliM,,1990-2009,,,,,,Low,No-ground only,Rainfall erosivity and hillslope erosion are projected to increase in the Australian Alpine region.,Sec4:Modelling,,3.0,Tier2-Selective,llama-3.1-8b-instant,Key2,2019.0,Increasing,Process-Based,Daily,Australia/Oceania,Low,Ground Only,Significant (p<0.01),3.0,-33.0,147.0,Sec4: Modelling,,,,,,,,
,Gafforov et al.2020,,,,Uzbekistan,,,,,,,,,,,,,,,,,,"RCP 4.5, 8.5",,,,,,,,,,,,,,,,,,,,,,,,,Middle East/C. Asia,,,,,,,Sec4: Modelling,+17% to +55%,-32% to +46%,2030s2070s,,5 CMIP5 models,"RCP 4.5, 8.5",HIGH,
